t,n,value
1,arg,0.6192723186669625
1,aus,1.114377404027453
1,aut,0.8733505209459722
1,bel,0.8740548277031729
1,bgr,0.3896747522951155
1,blt,0.5358888577116262
1,bra,0.6835736479534811
1,can,0.9340245924373557
1,chl,0.6129295375795774
1,chn,0.6190168650861306
1,cor,0.7719442508593674
1,cro,0.5019240757870589
1,dnk,1.0407072347578705
1,egy,0.22191596419914877
1,esp,0.7108866726490095
1,fin,0.9732471376056738
1,fra,0.8678287559695201
1,gbr,0.8810794219478477
1,golf57,0.47811613127876906
1,grc,0.6480084191477684
1,hun,0.4956997036317266
1,idn,0.35092421940954294
1,irl,0.8952076951262309
1,ita,0.7774363364141855
1,jpn,0.9370198527493715
1,meme,0.9015092161659254
1,mex,0.4709561725622803
1,mys,0.38479837791585436
1,nde,0.3203448118942408
1,nld,0.8813976482310427
1,noan,0.3804037452099014
1,noap,0.3717751920781812
1,nor,1.1787019947612325
1,oeu,0.5592409097149621
1,osea,0.7493429408658779
1,pol,0.4611645013626862
1,prt,0.6487375175028224
1,rcam,0.64161782575116
1,rcz,0.5315198847837564
1,rfa,0.8392891192769426
1,ris,0.3337645417675484
1,rjan57,0.9578590147768516
1,rom,0.39816672633711286
1,rsaf,0.39872076456067007
1,rsam,0.6394360254912552
1,rsas,0.3322472739588765
1,rsl,0.5819636024661538
1,rus,0.4134902850051763
1,slo,0.6424956692978083
1,sui,1.2061907703765136
1,swe,1.0354884905230555
1,tha,0.3784558563127214
1,tur,0.3793700830569337
1,ukr,0.22244530174037472
1,usa,1.0
1,vnm,0.3305905103580242
1,zaf,0.48274238286760734
10,arg,0.6192723186669625
10,aus,1.114377404027453
10,aut,0.8733505209459722
10,bel,0.8740548277031729
10,bgr,0.3896747522951155
10,blt,0.5358888577116262
10,bra,0.6835736479534811
10,can,0.9340245924373557
10,chl,0.6129295375795774
10,chn,0.6190168650861306
10,cor,0.7719442508593674
10,cro,0.5019240757870589
10,dnk,1.0407072347578705
10,egy,0.22191596419914877
10,esp,0.7108866726490095
10,fin,0.9732471376056738
10,fra,0.8678287559695201
10,gbr,0.8810794219478477
10,golf57,0.47811613127876906
10,grc,0.6480084191477684
10,hun,0.4956997036317266
10,idn,0.35092421940954294
10,irl,0.8952076951262309
10,ita,0.7774363364141855
10,jpn,0.9370198527493715
10,meme,0.9015092161659254
10,mex,0.4709561725622803
10,mys,0.38479837791585436
10,nde,0.3203448118942408
10,nld,0.8813976482310427
10,noan,0.3804037452099014
10,noap,0.3717751920781812
10,nor,1.1787019947612325
10,oeu,0.5592409097149621
10,osea,0.7493429408658779
10,pol,0.4611645013626862
10,prt,0.6487375175028224
10,rcam,0.64161782575116
10,rcz,0.5315198847837564
10,rfa,0.8392891192769426
10,ris,0.3337645417675484
10,rjan57,0.9578590147768516
10,rom,0.39816672633711286
10,rsaf,0.39872076456067007
10,rsam,0.6394360254912552
10,rsas,0.3322472739588765
10,rsl,0.5819636024661538
10,rus,0.4134902850051763
10,slo,0.6424956692978083
10,sui,1.2061907703765136
10,swe,1.0354884905230555
10,tha,0.3784558563127214
10,tur,0.3793700830569337
10,ukr,0.22244530174037472
10,usa,1.0
10,vnm,0.3305905103580242
10,zaf,0.48274238286760734
11,arg,0.6192723186669625
11,aus,1.114377404027453
11,aut,0.8733505209459722
11,bel,0.8740548277031729
11,bgr,0.3896747522951155
11,blt,0.5358888577116262
11,bra,0.6835736479534811
11,can,0.9340245924373557
11,chl,0.6129295375795774
11,chn,0.6190168650861306
11,cor,0.7719442508593674
11,cro,0.5019240757870589
11,dnk,1.0407072347578705
11,egy,0.22191596419914877
11,esp,0.7108866726490095
11,fin,0.9732471376056738
11,fra,0.8678287559695201
11,gbr,0.8810794219478477
11,golf57,0.47811613127876906
11,grc,0.6480084191477684
11,hun,0.4956997036317266
11,idn,0.35092421940954294
11,irl,0.8952076951262309
11,ita,0.7774363364141855
11,jpn,0.9370198527493715
11,meme,0.9015092161659254
11,mex,0.4709561725622803
11,mys,0.38479837791585436
11,nde,0.3203448118942408
11,nld,0.8813976482310427
11,noan,0.3804037452099014
11,noap,0.3717751920781812
11,nor,1.1787019947612325
11,oeu,0.5592409097149621
11,osea,0.7493429408658779
11,pol,0.4611645013626862
11,prt,0.6487375175028224
11,rcam,0.64161782575116
11,rcz,0.5315198847837564
11,rfa,0.8392891192769426
11,ris,0.3337645417675484
11,rjan57,0.9578590147768516
11,rom,0.39816672633711286
11,rsaf,0.39872076456067007
11,rsam,0.6394360254912552
11,rsas,0.3322472739588765
11,rsl,0.5819636024661538
11,rus,0.4134902850051763
11,slo,0.6424956692978083
11,sui,1.2061907703765136
11,swe,1.0354884905230555
11,tha,0.3784558563127214
11,tur,0.3793700830569337
11,ukr,0.22244530174037472
11,usa,1.0
11,vnm,0.3305905103580242
11,zaf,0.48274238286760734
12,arg,0.6192723186669625
12,aus,1.114377404027453
12,aut,0.8733505209459722
12,bel,0.8740548277031729
12,bgr,0.3896747522951155
12,blt,0.5358888577116262
12,bra,0.6835736479534811
12,can,0.9340245924373557
12,chl,0.6129295375795774
12,chn,0.6190168650861306
12,cor,0.7719442508593674
12,cro,0.5019240757870589
12,dnk,1.0407072347578705
12,egy,0.22191596419914877
12,esp,0.7108866726490095
12,fin,0.9732471376056738
12,fra,0.8678287559695201
12,gbr,0.8810794219478477
12,golf57,0.47811613127876906
12,grc,0.6480084191477684
12,hun,0.4956997036317266
12,idn,0.35092421940954294
12,irl,0.8952076951262309
12,ita,0.7774363364141855
12,jpn,0.9370198527493715
12,meme,0.9015092161659254
12,mex,0.4709561725622803
12,mys,0.38479837791585436
12,nde,0.3203448118942408
12,nld,0.8813976482310427
12,noan,0.3804037452099014
12,noap,0.3717751920781812
12,nor,1.1787019947612325
12,oeu,0.5592409097149621
12,osea,0.7493429408658779
12,pol,0.4611645013626862
12,prt,0.6487375175028224
12,rcam,0.64161782575116
12,rcz,0.5315198847837564
12,rfa,0.8392891192769426
12,ris,0.3337645417675484
12,rjan57,0.9578590147768516
12,rom,0.39816672633711286
12,rsaf,0.39872076456067007
12,rsam,0.6394360254912552
12,rsas,0.3322472739588765
12,rsl,0.5819636024661538
12,rus,0.4134902850051763
12,slo,0.6424956692978083
12,sui,1.2061907703765136
12,swe,1.0354884905230555
12,tha,0.3784558563127214
12,tur,0.3793700830569337
12,ukr,0.22244530174037472
12,usa,1.0
12,vnm,0.3305905103580242
12,zaf,0.48274238286760734
13,arg,0.6192723186669625
13,aus,1.114377404027453
13,aut,0.8733505209459722
13,bel,0.8740548277031729
13,bgr,0.3896747522951155
13,blt,0.5358888577116262
13,bra,0.6835736479534811
13,can,0.9340245924373557
13,chl,0.6129295375795774
13,chn,0.6190168650861306
13,cor,0.7719442508593674
13,cro,0.5019240757870589
13,dnk,1.0407072347578705
13,egy,0.22191596419914877
13,esp,0.7108866726490095
13,fin,0.9732471376056738
13,fra,0.8678287559695201
13,gbr,0.8810794219478477
13,golf57,0.47811613127876906
13,grc,0.6480084191477684
13,hun,0.4956997036317266
13,idn,0.35092421940954294
13,irl,0.8952076951262309
13,ita,0.7774363364141855
13,jpn,0.9370198527493715
13,meme,0.9015092161659254
13,mex,0.4709561725622803
13,mys,0.38479837791585436
13,nde,0.3203448118942408
13,nld,0.8813976482310427
13,noan,0.3804037452099014
13,noap,0.3717751920781812
13,nor,1.1787019947612325
13,oeu,0.5592409097149621
13,osea,0.7493429408658779
13,pol,0.4611645013626862
13,prt,0.6487375175028224
13,rcam,0.64161782575116
13,rcz,0.5315198847837564
13,rfa,0.8392891192769426
13,ris,0.3337645417675484
13,rjan57,0.9578590147768516
13,rom,0.39816672633711286
13,rsaf,0.39872076456067007
13,rsam,0.6394360254912552
13,rsas,0.3322472739588765
13,rsl,0.5819636024661538
13,rus,0.4134902850051763
13,slo,0.6424956692978083
13,sui,1.2061907703765136
13,swe,1.0354884905230555
13,tha,0.3784558563127214
13,tur,0.3793700830569337
13,ukr,0.22244530174037472
13,usa,1.0
13,vnm,0.3305905103580242
13,zaf,0.48274238286760734
14,arg,0.6192723186669625
14,aus,1.114377404027453
14,aut,0.8733505209459722
14,bel,0.8740548277031729
14,bgr,0.3896747522951155
14,blt,0.5358888577116262
14,bra,0.6835736479534811
14,can,0.9340245924373557
14,chl,0.6129295375795774
14,chn,0.6190168650861306
14,cor,0.7719442508593674
14,cro,0.5019240757870589
14,dnk,1.0407072347578705
14,egy,0.22191596419914877
14,esp,0.7108866726490095
14,fin,0.9732471376056738
14,fra,0.8678287559695201
14,gbr,0.8810794219478477
14,golf57,0.47811613127876906
14,grc,0.6480084191477684
14,hun,0.4956997036317266
14,idn,0.35092421940954294
14,irl,0.8952076951262309
14,ita,0.7774363364141855
14,jpn,0.9370198527493715
14,meme,0.9015092161659254
14,mex,0.4709561725622803
14,mys,0.38479837791585436
14,nde,0.3203448118942408
14,nld,0.8813976482310427
14,noan,0.3804037452099014
14,noap,0.3717751920781812
14,nor,1.1787019947612325
14,oeu,0.5592409097149621
14,osea,0.7493429408658779
14,pol,0.4611645013626862
14,prt,0.6487375175028224
14,rcam,0.64161782575116
14,rcz,0.5315198847837564
14,rfa,0.8392891192769426
14,ris,0.3337645417675484
14,rjan57,0.9578590147768516
14,rom,0.39816672633711286
14,rsaf,0.39872076456067007
14,rsam,0.6394360254912552
14,rsas,0.3322472739588765
14,rsl,0.5819636024661538
14,rus,0.4134902850051763
14,slo,0.6424956692978083
14,sui,1.2061907703765136
14,swe,1.0354884905230555
14,tha,0.3784558563127214
14,tur,0.3793700830569337
14,ukr,0.22244530174037472
14,usa,1.0
14,vnm,0.3305905103580242
14,zaf,0.48274238286760734
15,arg,0.6192723186669625
15,aus,1.114377404027453
15,aut,0.8733505209459722
15,bel,0.8740548277031729
15,bgr,0.3896747522951155
15,blt,0.5358888577116262
15,bra,0.6835736479534811
15,can,0.9340245924373557
15,chl,0.6129295375795774
15,chn,0.6190168650861306
15,cor,0.7719442508593674
15,cro,0.5019240757870589
15,dnk,1.0407072347578705
15,egy,0.22191596419914877
15,esp,0.7108866726490095
15,fin,0.9732471376056738
15,fra,0.8678287559695201
15,gbr,0.8810794219478477
15,golf57,0.47811613127876906
15,grc,0.6480084191477684
15,hun,0.4956997036317266
15,idn,0.35092421940954294
15,irl,0.8952076951262309
15,ita,0.7774363364141855
15,jpn,0.9370198527493715
15,meme,0.9015092161659254
15,mex,0.4709561725622803
15,mys,0.38479837791585436
15,nde,0.3203448118942408
15,nld,0.8813976482310427
15,noan,0.3804037452099014
15,noap,0.3717751920781812
15,nor,1.1787019947612325
15,oeu,0.5592409097149621
15,osea,0.7493429408658779
15,pol,0.4611645013626862
15,prt,0.6487375175028224
15,rcam,0.64161782575116
15,rcz,0.5315198847837564
15,rfa,0.8392891192769426
15,ris,0.3337645417675484
15,rjan57,0.9578590147768516
15,rom,0.39816672633711286
15,rsaf,0.39872076456067007
15,rsam,0.6394360254912552
15,rsas,0.3322472739588765
15,rsl,0.5819636024661538
15,rus,0.4134902850051763
15,slo,0.6424956692978083
15,sui,1.2061907703765136
15,swe,1.0354884905230555
15,tha,0.3784558563127214
15,tur,0.3793700830569337
15,ukr,0.22244530174037472
15,usa,1.0
15,vnm,0.3305905103580242
15,zaf,0.48274238286760734
16,arg,0.6192723186669625
16,aus,1.114377404027453
16,aut,0.8733505209459722
16,bel,0.8740548277031729
16,bgr,0.3896747522951155
16,blt,0.5358888577116262
16,bra,0.6835736479534811
16,can,0.9340245924373557
16,chl,0.6129295375795774
16,chn,0.6190168650861306
16,cor,0.7719442508593674
16,cro,0.5019240757870589
16,dnk,1.0407072347578705
16,egy,0.22191596419914877
16,esp,0.7108866726490095
16,fin,0.9732471376056738
16,fra,0.8678287559695201
16,gbr,0.8810794219478477
16,golf57,0.47811613127876906
16,grc,0.6480084191477684
16,hun,0.4956997036317266
16,idn,0.35092421940954294
16,irl,0.8952076951262309
16,ita,0.7774363364141855
16,jpn,0.9370198527493715
16,meme,0.9015092161659254
16,mex,0.4709561725622803
16,mys,0.38479837791585436
16,nde,0.3203448118942408
16,nld,0.8813976482310427
16,noan,0.3804037452099014
16,noap,0.3717751920781812
16,nor,1.1787019947612325
16,oeu,0.5592409097149621
16,osea,0.7493429408658779
16,pol,0.4611645013626862
16,prt,0.6487375175028224
16,rcam,0.64161782575116
16,rcz,0.5315198847837564
16,rfa,0.8392891192769426
16,ris,0.3337645417675484
16,rjan57,0.9578590147768516
16,rom,0.39816672633711286
16,rsaf,0.39872076456067007
16,rsam,0.6394360254912552
16,rsas,0.3322472739588765
16,rsl,0.5819636024661538
16,rus,0.4134902850051763
16,slo,0.6424956692978083
16,sui,1.2061907703765136
16,swe,1.0354884905230555
16,tha,0.3784558563127214
16,tur,0.3793700830569337
16,ukr,0.22244530174037472
16,usa,1.0
16,vnm,0.3305905103580242
16,zaf,0.48274238286760734
17,arg,0.6192723186669625
17,aus,1.114377404027453
17,aut,0.8733505209459722
17,bel,0.8740548277031729
17,bgr,0.3896747522951155
17,blt,0.5358888577116262
17,bra,0.6835736479534811
17,can,0.9340245924373557
17,chl,0.6129295375795774
17,chn,0.6190168650861306
17,cor,0.7719442508593674
17,cro,0.5019240757870589
17,dnk,1.0407072347578705
17,egy,0.22191596419914877
17,esp,0.7108866726490095
17,fin,0.9732471376056738
17,fra,0.8678287559695201
17,gbr,0.8810794219478477
17,golf57,0.47811613127876906
17,grc,0.6480084191477684
17,hun,0.4956997036317266
17,idn,0.35092421940954294
17,irl,0.8952076951262309
17,ita,0.7774363364141855
17,jpn,0.9370198527493715
17,meme,0.9015092161659254
17,mex,0.4709561725622803
17,mys,0.38479837791585436
17,nde,0.3203448118942408
17,nld,0.8813976482310427
17,noan,0.3804037452099014
17,noap,0.3717751920781812
17,nor,1.1787019947612325
17,oeu,0.5592409097149621
17,osea,0.7493429408658779
17,pol,0.4611645013626862
17,prt,0.6487375175028224
17,rcam,0.64161782575116
17,rcz,0.5315198847837564
17,rfa,0.8392891192769426
17,ris,0.3337645417675484
17,rjan57,0.9578590147768516
17,rom,0.39816672633711286
17,rsaf,0.39872076456067007
17,rsam,0.6394360254912552
17,rsas,0.3322472739588765
17,rsl,0.5819636024661538
17,rus,0.4134902850051763
17,slo,0.6424956692978083
17,sui,1.2061907703765136
17,swe,1.0354884905230555
17,tha,0.3784558563127214
17,tur,0.3793700830569337
17,ukr,0.22244530174037472
17,usa,1.0
17,vnm,0.3305905103580242
17,zaf,0.48274238286760734
18,arg,0.6192723186669625
18,aus,1.114377404027453
18,aut,0.8733505209459722
18,bel,0.8740548277031729
18,bgr,0.3896747522951155
18,blt,0.5358888577116262
18,bra,0.6835736479534811
18,can,0.9340245924373557
18,chl,0.6129295375795774
18,chn,0.6190168650861306
18,cor,0.7719442508593674
18,cro,0.5019240757870589
18,dnk,1.0407072347578705
18,egy,0.22191596419914877
18,esp,0.7108866726490095
18,fin,0.9732471376056738
18,fra,0.8678287559695201
18,gbr,0.8810794219478477
18,golf57,0.47811613127876906
18,grc,0.6480084191477684
18,hun,0.4956997036317266
18,idn,0.35092421940954294
18,irl,0.8952076951262309
18,ita,0.7774363364141855
18,jpn,0.9370198527493715
18,meme,0.9015092161659254
18,mex,0.4709561725622803
18,mys,0.38479837791585436
18,nde,0.3203448118942408
18,nld,0.8813976482310427
18,noan,0.3804037452099014
18,noap,0.3717751920781812
18,nor,1.1787019947612325
18,oeu,0.5592409097149621
18,osea,0.7493429408658779
18,pol,0.4611645013626862
18,prt,0.6487375175028224
18,rcam,0.64161782575116
18,rcz,0.5315198847837564
18,rfa,0.8392891192769426
18,ris,0.3337645417675484
18,rjan57,0.9578590147768516
18,rom,0.39816672633711286
18,rsaf,0.39872076456067007
18,rsam,0.6394360254912552
18,rsas,0.3322472739588765
18,rsl,0.5819636024661538
18,rus,0.4134902850051763
18,slo,0.6424956692978083
18,sui,1.2061907703765136
18,swe,1.0354884905230555
18,tha,0.3784558563127214
18,tur,0.3793700830569337
18,ukr,0.22244530174037472
18,usa,1.0
18,vnm,0.3305905103580242
18,zaf,0.48274238286760734
19,arg,0.6192723186669625
19,aus,1.114377404027453
19,aut,0.8733505209459722
19,bel,0.8740548277031729
19,bgr,0.3896747522951155
19,blt,0.5358888577116262
19,bra,0.6835736479534811
19,can,0.9340245924373557
19,chl,0.6129295375795774
19,chn,0.6190168650861306
19,cor,0.7719442508593674
19,cro,0.5019240757870589
19,dnk,1.0407072347578705
19,egy,0.22191596419914877
19,esp,0.7108866726490095
19,fin,0.9732471376056738
19,fra,0.8678287559695201
19,gbr,0.8810794219478477
19,golf57,0.47811613127876906
19,grc,0.6480084191477684
19,hun,0.4956997036317266
19,idn,0.35092421940954294
19,irl,0.8952076951262309
19,ita,0.7774363364141855
19,jpn,0.9370198527493715
19,meme,0.9015092161659254
19,mex,0.4709561725622803
19,mys,0.38479837791585436
19,nde,0.3203448118942408
19,nld,0.8813976482310427
19,noan,0.3804037452099014
19,noap,0.3717751920781812
19,nor,1.1787019947612325
19,oeu,0.5592409097149621
19,osea,0.7493429408658779
19,pol,0.4611645013626862
19,prt,0.6487375175028224
19,rcam,0.64161782575116
19,rcz,0.5315198847837564
19,rfa,0.8392891192769426
19,ris,0.3337645417675484
19,rjan57,0.9578590147768516
19,rom,0.39816672633711286
19,rsaf,0.39872076456067007
19,rsam,0.6394360254912552
19,rsas,0.3322472739588765
19,rsl,0.5819636024661538
19,rus,0.4134902850051763
19,slo,0.6424956692978083
19,sui,1.2061907703765136
19,swe,1.0354884905230555
19,tha,0.3784558563127214
19,tur,0.3793700830569337
19,ukr,0.22244530174037472
19,usa,1.0
19,vnm,0.3305905103580242
19,zaf,0.48274238286760734
2,arg,0.6192723186669625
2,aus,1.114377404027453
2,aut,0.8733505209459722
2,bel,0.8740548277031729
2,bgr,0.3896747522951155
2,blt,0.5358888577116262
2,bra,0.6835736479534811
2,can,0.9340245924373557
2,chl,0.6129295375795774
2,chn,0.6190168650861306
2,cor,0.7719442508593674
2,cro,0.5019240757870589
2,dnk,1.0407072347578705
2,egy,0.22191596419914877
2,esp,0.7108866726490095
2,fin,0.9732471376056738
2,fra,0.8678287559695201
2,gbr,0.8810794219478477
2,golf57,0.47811613127876906
2,grc,0.6480084191477684
2,hun,0.4956997036317266
2,idn,0.35092421940954294
2,irl,0.8952076951262309
2,ita,0.7774363364141855
2,jpn,0.9370198527493715
2,meme,0.9015092161659254
2,mex,0.4709561725622803
2,mys,0.38479837791585436
2,nde,0.3203448118942408
2,nld,0.8813976482310427
2,noan,0.3804037452099014
2,noap,0.3717751920781812
2,nor,1.1787019947612325
2,oeu,0.5592409097149621
2,osea,0.7493429408658779
2,pol,0.4611645013626862
2,prt,0.6487375175028224
2,rcam,0.64161782575116
2,rcz,0.5315198847837564
2,rfa,0.8392891192769426
2,ris,0.3337645417675484
2,rjan57,0.9578590147768516
2,rom,0.39816672633711286
2,rsaf,0.39872076456067007
2,rsam,0.6394360254912552
2,rsas,0.3322472739588765
2,rsl,0.5819636024661538
2,rus,0.4134902850051763
2,slo,0.6424956692978083
2,sui,1.2061907703765136
2,swe,1.0354884905230555
2,tha,0.3784558563127214
2,tur,0.3793700830569337
2,ukr,0.22244530174037472
2,usa,1.0
2,vnm,0.3305905103580242
2,zaf,0.48274238286760734
20,arg,0.6192723186669625
20,aus,1.114377404027453
20,aut,0.8733505209459722
20,bel,0.8740548277031729
20,bgr,0.3896747522951155
20,blt,0.5358888577116262
20,bra,0.6835736479534811
20,can,0.9340245924373557
20,chl,0.6129295375795774
20,chn,0.6190168650861306
20,cor,0.7719442508593674
20,cro,0.5019240757870589
20,dnk,1.0407072347578705
20,egy,0.22191596419914877
20,esp,0.7108866726490095
20,fin,0.9732471376056738
20,fra,0.8678287559695201
20,gbr,0.8810794219478477
20,golf57,0.47811613127876906
20,grc,0.6480084191477684
20,hun,0.4956997036317266
20,idn,0.35092421940954294
20,irl,0.8952076951262309
20,ita,0.7774363364141855
20,jpn,0.9370198527493715
20,meme,0.9015092161659254
20,mex,0.4709561725622803
20,mys,0.38479837791585436
20,nde,0.3203448118942408
20,nld,0.8813976482310427
20,noan,0.3804037452099014
20,noap,0.3717751920781812
20,nor,1.1787019947612325
20,oeu,0.5592409097149621
20,osea,0.7493429408658779
20,pol,0.4611645013626862
20,prt,0.6487375175028224
20,rcam,0.64161782575116
20,rcz,0.5315198847837564
20,rfa,0.8392891192769426
20,ris,0.3337645417675484
20,rjan57,0.9578590147768516
20,rom,0.39816672633711286
20,rsaf,0.39872076456067007
20,rsam,0.6394360254912552
20,rsas,0.3322472739588765
20,rsl,0.5819636024661538
20,rus,0.4134902850051763
20,slo,0.6424956692978083
20,sui,1.2061907703765136
20,swe,1.0354884905230555
20,tha,0.3784558563127214
20,tur,0.3793700830569337
20,ukr,0.22244530174037472
20,usa,1.0
20,vnm,0.3305905103580242
20,zaf,0.48274238286760734
21,arg,0.6192723186669625
21,aus,1.114377404027453
21,aut,0.8733505209459722
21,bel,0.8740548277031729
21,bgr,0.3896747522951155
21,blt,0.5358888577116262
21,bra,0.6835736479534811
21,can,0.9340245924373557
21,chl,0.6129295375795774
21,chn,0.6190168650861306
21,cor,0.7719442508593674
21,cro,0.5019240757870589
21,dnk,1.0407072347578705
21,egy,0.22191596419914877
21,esp,0.7108866726490095
21,fin,0.9732471376056738
21,fra,0.8678287559695201
21,gbr,0.8810794219478477
21,golf57,0.47811613127876906
21,grc,0.6480084191477684
21,hun,0.4956997036317266
21,idn,0.35092421940954294
21,irl,0.8952076951262309
21,ita,0.7774363364141855
21,jpn,0.9370198527493715
21,meme,0.9015092161659254
21,mex,0.4709561725622803
21,mys,0.38479837791585436
21,nde,0.3203448118942408
21,nld,0.8813976482310427
21,noan,0.3804037452099014
21,noap,0.3717751920781812
21,nor,1.1787019947612325
21,oeu,0.5592409097149621
21,osea,0.7493429408658779
21,pol,0.4611645013626862
21,prt,0.6487375175028224
21,rcam,0.64161782575116
21,rcz,0.5315198847837564
21,rfa,0.8392891192769426
21,ris,0.3337645417675484
21,rjan57,0.9578590147768516
21,rom,0.39816672633711286
21,rsaf,0.39872076456067007
21,rsam,0.6394360254912552
21,rsas,0.3322472739588765
21,rsl,0.5819636024661538
21,rus,0.4134902850051763
21,slo,0.6424956692978083
21,sui,1.2061907703765136
21,swe,1.0354884905230555
21,tha,0.3784558563127214
21,tur,0.3793700830569337
21,ukr,0.22244530174037472
21,usa,1.0
21,vnm,0.3305905103580242
21,zaf,0.48274238286760734
22,arg,0.6192723186669625
22,aus,1.114377404027453
22,aut,0.8733505209459722
22,bel,0.8740548277031729
22,bgr,0.3896747522951155
22,blt,0.5358888577116262
22,bra,0.6835736479534811
22,can,0.9340245924373557
22,chl,0.6129295375795774
22,chn,0.6190168650861306
22,cor,0.7719442508593674
22,cro,0.5019240757870589
22,dnk,1.0407072347578705
22,egy,0.22191596419914877
22,esp,0.7108866726490095
22,fin,0.9732471376056738
22,fra,0.8678287559695201
22,gbr,0.8810794219478477
22,golf57,0.47811613127876906
22,grc,0.6480084191477684
22,hun,0.4956997036317266
22,idn,0.35092421940954294
22,irl,0.8952076951262309
22,ita,0.7774363364141855
22,jpn,0.9370198527493715
22,meme,0.9015092161659254
22,mex,0.4709561725622803
22,mys,0.38479837791585436
22,nde,0.3203448118942408
22,nld,0.8813976482310427
22,noan,0.3804037452099014
22,noap,0.3717751920781812
22,nor,1.1787019947612325
22,oeu,0.5592409097149621
22,osea,0.7493429408658779
22,pol,0.4611645013626862
22,prt,0.6487375175028224
22,rcam,0.64161782575116
22,rcz,0.5315198847837564
22,rfa,0.8392891192769426
22,ris,0.3337645417675484
22,rjan57,0.9578590147768516
22,rom,0.39816672633711286
22,rsaf,0.39872076456067007
22,rsam,0.6394360254912552
22,rsas,0.3322472739588765
22,rsl,0.5819636024661538
22,rus,0.4134902850051763
22,slo,0.6424956692978083
22,sui,1.2061907703765136
22,swe,1.0354884905230555
22,tha,0.3784558563127214
22,tur,0.3793700830569337
22,ukr,0.22244530174037472
22,usa,1.0
22,vnm,0.3305905103580242
22,zaf,0.48274238286760734
23,arg,0.6192723186669625
23,aus,1.114377404027453
23,aut,0.8733505209459722
23,bel,0.8740548277031729
23,bgr,0.3896747522951155
23,blt,0.5358888577116262
23,bra,0.6835736479534811
23,can,0.9340245924373557
23,chl,0.6129295375795774
23,chn,0.6190168650861306
23,cor,0.7719442508593674
23,cro,0.5019240757870589
23,dnk,1.0407072347578705
23,egy,0.22191596419914877
23,esp,0.7108866726490095
23,fin,0.9732471376056738
23,fra,0.8678287559695201
23,gbr,0.8810794219478477
23,golf57,0.47811613127876906
23,grc,0.6480084191477684
23,hun,0.4956997036317266
23,idn,0.35092421940954294
23,irl,0.8952076951262309
23,ita,0.7774363364141855
23,jpn,0.9370198527493715
23,meme,0.9015092161659254
23,mex,0.4709561725622803
23,mys,0.38479837791585436
23,nde,0.3203448118942408
23,nld,0.8813976482310427
23,noan,0.3804037452099014
23,noap,0.3717751920781812
23,nor,1.1787019947612325
23,oeu,0.5592409097149621
23,osea,0.7493429408658779
23,pol,0.4611645013626862
23,prt,0.6487375175028224
23,rcam,0.64161782575116
23,rcz,0.5315198847837564
23,rfa,0.8392891192769426
23,ris,0.3337645417675484
23,rjan57,0.9578590147768516
23,rom,0.39816672633711286
23,rsaf,0.39872076456067007
23,rsam,0.6394360254912552
23,rsas,0.3322472739588765
23,rsl,0.5819636024661538
23,rus,0.4134902850051763
23,slo,0.6424956692978083
23,sui,1.2061907703765136
23,swe,1.0354884905230555
23,tha,0.3784558563127214
23,tur,0.3793700830569337
23,ukr,0.22244530174037472
23,usa,1.0
23,vnm,0.3305905103580242
23,zaf,0.48274238286760734
24,arg,0.6192723186669625
24,aus,1.114377404027453
24,aut,0.8733505209459722
24,bel,0.8740548277031729
24,bgr,0.3896747522951155
24,blt,0.5358888577116262
24,bra,0.6835736479534811
24,can,0.9340245924373557
24,chl,0.6129295375795774
24,chn,0.6190168650861306
24,cor,0.7719442508593674
24,cro,0.5019240757870589
24,dnk,1.0407072347578705
24,egy,0.22191596419914877
24,esp,0.7108866726490095
24,fin,0.9732471376056738
24,fra,0.8678287559695201
24,gbr,0.8810794219478477
24,golf57,0.47811613127876906
24,grc,0.6480084191477684
24,hun,0.4956997036317266
24,idn,0.35092421940954294
24,irl,0.8952076951262309
24,ita,0.7774363364141855
24,jpn,0.9370198527493715
24,meme,0.9015092161659254
24,mex,0.4709561725622803
24,mys,0.38479837791585436
24,nde,0.3203448118942408
24,nld,0.8813976482310427
24,noan,0.3804037452099014
24,noap,0.3717751920781812
24,nor,1.1787019947612325
24,oeu,0.5592409097149621
24,osea,0.7493429408658779
24,pol,0.4611645013626862
24,prt,0.6487375175028224
24,rcam,0.64161782575116
24,rcz,0.5315198847837564
24,rfa,0.8392891192769426
24,ris,0.3337645417675484
24,rjan57,0.9578590147768516
24,rom,0.39816672633711286
24,rsaf,0.39872076456067007
24,rsam,0.6394360254912552
24,rsas,0.3322472739588765
24,rsl,0.5819636024661538
24,rus,0.4134902850051763
24,slo,0.6424956692978083
24,sui,1.2061907703765136
24,swe,1.0354884905230555
24,tha,0.3784558563127214
24,tur,0.3793700830569337
24,ukr,0.22244530174037472
24,usa,1.0
24,vnm,0.3305905103580242
24,zaf,0.48274238286760734
25,arg,0.6192723186669625
25,aus,1.114377404027453
25,aut,0.8733505209459722
25,bel,0.8740548277031729
25,bgr,0.3896747522951155
25,blt,0.5358888577116262
25,bra,0.6835736479534811
25,can,0.9340245924373557
25,chl,0.6129295375795774
25,chn,0.6190168650861306
25,cor,0.7719442508593674
25,cro,0.5019240757870589
25,dnk,1.0407072347578705
25,egy,0.22191596419914877
25,esp,0.7108866726490095
25,fin,0.9732471376056738
25,fra,0.8678287559695201
25,gbr,0.8810794219478477
25,golf57,0.47811613127876906
25,grc,0.6480084191477684
25,hun,0.4956997036317266
25,idn,0.35092421940954294
25,irl,0.8952076951262309
25,ita,0.7774363364141855
25,jpn,0.9370198527493715
25,meme,0.9015092161659254
25,mex,0.4709561725622803
25,mys,0.38479837791585436
25,nde,0.3203448118942408
25,nld,0.8813976482310427
25,noan,0.3804037452099014
25,noap,0.3717751920781812
25,nor,1.1787019947612325
25,oeu,0.5592409097149621
25,osea,0.7493429408658779
25,pol,0.4611645013626862
25,prt,0.6487375175028224
25,rcam,0.64161782575116
25,rcz,0.5315198847837564
25,rfa,0.8392891192769426
25,ris,0.3337645417675484
25,rjan57,0.9578590147768516
25,rom,0.39816672633711286
25,rsaf,0.39872076456067007
25,rsam,0.6394360254912552
25,rsas,0.3322472739588765
25,rsl,0.5819636024661538
25,rus,0.4134902850051763
25,slo,0.6424956692978083
25,sui,1.2061907703765136
25,swe,1.0354884905230555
25,tha,0.3784558563127214
25,tur,0.3793700830569337
25,ukr,0.22244530174037472
25,usa,1.0
25,vnm,0.3305905103580242
25,zaf,0.48274238286760734
26,arg,0.6192723186669625
26,aus,1.114377404027453
26,aut,0.8733505209459722
26,bel,0.8740548277031729
26,bgr,0.3896747522951155
26,blt,0.5358888577116262
26,bra,0.6835736479534811
26,can,0.9340245924373557
26,chl,0.6129295375795774
26,chn,0.6190168650861306
26,cor,0.7719442508593674
26,cro,0.5019240757870589
26,dnk,1.0407072347578705
26,egy,0.22191596419914877
26,esp,0.7108866726490095
26,fin,0.9732471376056738
26,fra,0.8678287559695201
26,gbr,0.8810794219478477
26,golf57,0.47811613127876906
26,grc,0.6480084191477684
26,hun,0.4956997036317266
26,idn,0.35092421940954294
26,irl,0.8952076951262309
26,ita,0.7774363364141855
26,jpn,0.9370198527493715
26,meme,0.9015092161659254
26,mex,0.4709561725622803
26,mys,0.38479837791585436
26,nde,0.3203448118942408
26,nld,0.8813976482310427
26,noan,0.3804037452099014
26,noap,0.3717751920781812
26,nor,1.1787019947612325
26,oeu,0.5592409097149621
26,osea,0.7493429408658779
26,pol,0.4611645013626862
26,prt,0.6487375175028224
26,rcam,0.64161782575116
26,rcz,0.5315198847837564
26,rfa,0.8392891192769426
26,ris,0.3337645417675484
26,rjan57,0.9578590147768516
26,rom,0.39816672633711286
26,rsaf,0.39872076456067007
26,rsam,0.6394360254912552
26,rsas,0.3322472739588765
26,rsl,0.5819636024661538
26,rus,0.4134902850051763
26,slo,0.6424956692978083
26,sui,1.2061907703765136
26,swe,1.0354884905230555
26,tha,0.3784558563127214
26,tur,0.3793700830569337
26,ukr,0.22244530174037472
26,usa,1.0
26,vnm,0.3305905103580242
26,zaf,0.48274238286760734
27,arg,0.6192723186669625
27,aus,1.114377404027453
27,aut,0.8733505209459722
27,bel,0.8740548277031729
27,bgr,0.3896747522951155
27,blt,0.5358888577116262
27,bra,0.6835736479534811
27,can,0.9340245924373557
27,chl,0.6129295375795774
27,chn,0.6190168650861306
27,cor,0.7719442508593674
27,cro,0.5019240757870589
27,dnk,1.0407072347578705
27,egy,0.22191596419914877
27,esp,0.7108866726490095
27,fin,0.9732471376056738
27,fra,0.8678287559695201
27,gbr,0.8810794219478477
27,golf57,0.47811613127876906
27,grc,0.6480084191477684
27,hun,0.4956997036317266
27,idn,0.35092421940954294
27,irl,0.8952076951262309
27,ita,0.7774363364141855
27,jpn,0.9370198527493715
27,meme,0.9015092161659254
27,mex,0.4709561725622803
27,mys,0.38479837791585436
27,nde,0.3203448118942408
27,nld,0.8813976482310427
27,noan,0.3804037452099014
27,noap,0.3717751920781812
27,nor,1.1787019947612325
27,oeu,0.5592409097149621
27,osea,0.7493429408658779
27,pol,0.4611645013626862
27,prt,0.6487375175028224
27,rcam,0.64161782575116
27,rcz,0.5315198847837564
27,rfa,0.8392891192769426
27,ris,0.3337645417675484
27,rjan57,0.9578590147768516
27,rom,0.39816672633711286
27,rsaf,0.39872076456067007
27,rsam,0.6394360254912552
27,rsas,0.3322472739588765
27,rsl,0.5819636024661538
27,rus,0.4134902850051763
27,slo,0.6424956692978083
27,sui,1.2061907703765136
27,swe,1.0354884905230555
27,tha,0.3784558563127214
27,tur,0.3793700830569337
27,ukr,0.22244530174037472
27,usa,1.0
27,vnm,0.3305905103580242
27,zaf,0.48274238286760734
28,arg,0.6192723186669625
28,aus,1.114377404027453
28,aut,0.8733505209459722
28,bel,0.8740548277031729
28,bgr,0.3896747522951155
28,blt,0.5358888577116262
28,bra,0.6835736479534811
28,can,0.9340245924373557
28,chl,0.6129295375795774
28,chn,0.6190168650861306
28,cor,0.7719442508593674
28,cro,0.5019240757870589
28,dnk,1.0407072347578705
28,egy,0.22191596419914877
28,esp,0.7108866726490095
28,fin,0.9732471376056738
28,fra,0.8678287559695201
28,gbr,0.8810794219478477
28,golf57,0.47811613127876906
28,grc,0.6480084191477684
28,hun,0.4956997036317266
28,idn,0.35092421940954294
28,irl,0.8952076951262309
28,ita,0.7774363364141855
28,jpn,0.9370198527493715
28,meme,0.9015092161659254
28,mex,0.4709561725622803
28,mys,0.38479837791585436
28,nde,0.3203448118942408
28,nld,0.8813976482310427
28,noan,0.3804037452099014
28,noap,0.3717751920781812
28,nor,1.1787019947612325
28,oeu,0.5592409097149621
28,osea,0.7493429408658779
28,pol,0.4611645013626862
28,prt,0.6487375175028224
28,rcam,0.64161782575116
28,rcz,0.5315198847837564
28,rfa,0.8392891192769426
28,ris,0.3337645417675484
28,rjan57,0.9578590147768516
28,rom,0.39816672633711286
28,rsaf,0.39872076456067007
28,rsam,0.6394360254912552
28,rsas,0.3322472739588765
28,rsl,0.5819636024661538
28,rus,0.4134902850051763
28,slo,0.6424956692978083
28,sui,1.2061907703765136
28,swe,1.0354884905230555
28,tha,0.3784558563127214
28,tur,0.3793700830569337
28,ukr,0.22244530174037472
28,usa,1.0
28,vnm,0.3305905103580242
28,zaf,0.48274238286760734
29,arg,0.6192723186669625
29,aus,1.114377404027453
29,aut,0.8733505209459722
29,bel,0.8740548277031729
29,bgr,0.3896747522951155
29,blt,0.5358888577116262
29,bra,0.6835736479534811
29,can,0.9340245924373557
29,chl,0.6129295375795774
29,chn,0.6190168650861306
29,cor,0.7719442508593674
29,cro,0.5019240757870589
29,dnk,1.0407072347578705
29,egy,0.22191596419914877
29,esp,0.7108866726490095
29,fin,0.9732471376056738
29,fra,0.8678287559695201
29,gbr,0.8810794219478477
29,golf57,0.47811613127876906
29,grc,0.6480084191477684
29,hun,0.4956997036317266
29,idn,0.35092421940954294
29,irl,0.8952076951262309
29,ita,0.7774363364141855
29,jpn,0.9370198527493715
29,meme,0.9015092161659254
29,mex,0.4709561725622803
29,mys,0.38479837791585436
29,nde,0.3203448118942408
29,nld,0.8813976482310427
29,noan,0.3804037452099014
29,noap,0.3717751920781812
29,nor,1.1787019947612325
29,oeu,0.5592409097149621
29,osea,0.7493429408658779
29,pol,0.4611645013626862
29,prt,0.6487375175028224
29,rcam,0.64161782575116
29,rcz,0.5315198847837564
29,rfa,0.8392891192769426
29,ris,0.3337645417675484
29,rjan57,0.9578590147768516
29,rom,0.39816672633711286
29,rsaf,0.39872076456067007
29,rsam,0.6394360254912552
29,rsas,0.3322472739588765
29,rsl,0.5819636024661538
29,rus,0.4134902850051763
29,slo,0.6424956692978083
29,sui,1.2061907703765136
29,swe,1.0354884905230555
29,tha,0.3784558563127214
29,tur,0.3793700830569337
29,ukr,0.22244530174037472
29,usa,1.0
29,vnm,0.3305905103580242
29,zaf,0.48274238286760734
3,arg,0.6192723186669625
3,aus,1.114377404027453
3,aut,0.8733505209459722
3,bel,0.8740548277031729
3,bgr,0.3896747522951155
3,blt,0.5358888577116262
3,bra,0.6835736479534811
3,can,0.9340245924373557
3,chl,0.6129295375795774
3,chn,0.6190168650861306
3,cor,0.7719442508593674
3,cro,0.5019240757870589
3,dnk,1.0407072347578705
3,egy,0.22191596419914877
3,esp,0.7108866726490095
3,fin,0.9732471376056738
3,fra,0.8678287559695201
3,gbr,0.8810794219478477
3,golf57,0.47811613127876906
3,grc,0.6480084191477684
3,hun,0.4956997036317266
3,idn,0.35092421940954294
3,irl,0.8952076951262309
3,ita,0.7774363364141855
3,jpn,0.9370198527493715
3,meme,0.9015092161659254
3,mex,0.4709561725622803
3,mys,0.38479837791585436
3,nde,0.3203448118942408
3,nld,0.8813976482310427
3,noan,0.3804037452099014
3,noap,0.3717751920781812
3,nor,1.1787019947612325
3,oeu,0.5592409097149621
3,osea,0.7493429408658779
3,pol,0.4611645013626862
3,prt,0.6487375175028224
3,rcam,0.64161782575116
3,rcz,0.5315198847837564
3,rfa,0.8392891192769426
3,ris,0.3337645417675484
3,rjan57,0.9578590147768516
3,rom,0.39816672633711286
3,rsaf,0.39872076456067007
3,rsam,0.6394360254912552
3,rsas,0.3322472739588765
3,rsl,0.5819636024661538
3,rus,0.4134902850051763
3,slo,0.6424956692978083
3,sui,1.2061907703765136
3,swe,1.0354884905230555
3,tha,0.3784558563127214
3,tur,0.3793700830569337
3,ukr,0.22244530174037472
3,usa,1.0
3,vnm,0.3305905103580242
3,zaf,0.48274238286760734
30,arg,0.6192723186669625
30,aus,1.114377404027453
30,aut,0.8733505209459722
30,bel,0.8740548277031729
30,bgr,0.3896747522951155
30,blt,0.5358888577116262
30,bra,0.6835736479534811
30,can,0.9340245924373557
30,chl,0.6129295375795774
30,chn,0.6190168650861306
30,cor,0.7719442508593674
30,cro,0.5019240757870589
30,dnk,1.0407072347578705
30,egy,0.22191596419914877
30,esp,0.7108866726490095
30,fin,0.9732471376056738
30,fra,0.8678287559695201
30,gbr,0.8810794219478477
30,golf57,0.47811613127876906
30,grc,0.6480084191477684
30,hun,0.4956997036317266
30,idn,0.35092421940954294
30,irl,0.8952076951262309
30,ita,0.7774363364141855
30,jpn,0.9370198527493715
30,meme,0.9015092161659254
30,mex,0.4709561725622803
30,mys,0.38479837791585436
30,nde,0.3203448118942408
30,nld,0.8813976482310427
30,noan,0.3804037452099014
30,noap,0.3717751920781812
30,nor,1.1787019947612325
30,oeu,0.5592409097149621
30,osea,0.7493429408658779
30,pol,0.4611645013626862
30,prt,0.6487375175028224
30,rcam,0.64161782575116
30,rcz,0.5315198847837564
30,rfa,0.8392891192769426
30,ris,0.3337645417675484
30,rjan57,0.9578590147768516
30,rom,0.39816672633711286
30,rsaf,0.39872076456067007
30,rsam,0.6394360254912552
30,rsas,0.3322472739588765
30,rsl,0.5819636024661538
30,rus,0.4134902850051763
30,slo,0.6424956692978083
30,sui,1.2061907703765136
30,swe,1.0354884905230555
30,tha,0.3784558563127214
30,tur,0.3793700830569337
30,ukr,0.22244530174037472
30,usa,1.0
30,vnm,0.3305905103580242
30,zaf,0.48274238286760734
31,arg,0.6192723186669625
31,aus,1.114377404027453
31,aut,0.8733505209459722
31,bel,0.8740548277031729
31,bgr,0.3896747522951155
31,blt,0.5358888577116262
31,bra,0.6835736479534811
31,can,0.9340245924373557
31,chl,0.6129295375795774
31,chn,0.6190168650861306
31,cor,0.7719442508593674
31,cro,0.5019240757870589
31,dnk,1.0407072347578705
31,egy,0.22191596419914877
31,esp,0.7108866726490095
31,fin,0.9732471376056738
31,fra,0.8678287559695201
31,gbr,0.8810794219478477
31,golf57,0.47811613127876906
31,grc,0.6480084191477684
31,hun,0.4956997036317266
31,idn,0.35092421940954294
31,irl,0.8952076951262309
31,ita,0.7774363364141855
31,jpn,0.9370198527493715
31,meme,0.9015092161659254
31,mex,0.4709561725622803
31,mys,0.38479837791585436
31,nde,0.3203448118942408
31,nld,0.8813976482310427
31,noan,0.3804037452099014
31,noap,0.3717751920781812
31,nor,1.1787019947612325
31,oeu,0.5592409097149621
31,osea,0.7493429408658779
31,pol,0.4611645013626862
31,prt,0.6487375175028224
31,rcam,0.64161782575116
31,rcz,0.5315198847837564
31,rfa,0.8392891192769426
31,ris,0.3337645417675484
31,rjan57,0.9578590147768516
31,rom,0.39816672633711286
31,rsaf,0.39872076456067007
31,rsam,0.6394360254912552
31,rsas,0.3322472739588765
31,rsl,0.5819636024661538
31,rus,0.4134902850051763
31,slo,0.6424956692978083
31,sui,1.2061907703765136
31,swe,1.0354884905230555
31,tha,0.3784558563127214
31,tur,0.3793700830569337
31,ukr,0.22244530174037472
31,usa,1.0
31,vnm,0.3305905103580242
31,zaf,0.48274238286760734
32,arg,0.6192723186669625
32,aus,1.114377404027453
32,aut,0.8733505209459722
32,bel,0.8740548277031729
32,bgr,0.3896747522951155
32,blt,0.5358888577116262
32,bra,0.6835736479534811
32,can,0.9340245924373557
32,chl,0.6129295375795774
32,chn,0.6190168650861306
32,cor,0.7719442508593674
32,cro,0.5019240757870589
32,dnk,1.0407072347578705
32,egy,0.22191596419914877
32,esp,0.7108866726490095
32,fin,0.9732471376056738
32,fra,0.8678287559695201
32,gbr,0.8810794219478477
32,golf57,0.47811613127876906
32,grc,0.6480084191477684
32,hun,0.4956997036317266
32,idn,0.35092421940954294
32,irl,0.8952076951262309
32,ita,0.7774363364141855
32,jpn,0.9370198527493715
32,meme,0.9015092161659254
32,mex,0.4709561725622803
32,mys,0.38479837791585436
32,nde,0.3203448118942408
32,nld,0.8813976482310427
32,noan,0.3804037452099014
32,noap,0.3717751920781812
32,nor,1.1787019947612325
32,oeu,0.5592409097149621
32,osea,0.7493429408658779
32,pol,0.4611645013626862
32,prt,0.6487375175028224
32,rcam,0.64161782575116
32,rcz,0.5315198847837564
32,rfa,0.8392891192769426
32,ris,0.3337645417675484
32,rjan57,0.9578590147768516
32,rom,0.39816672633711286
32,rsaf,0.39872076456067007
32,rsam,0.6394360254912552
32,rsas,0.3322472739588765
32,rsl,0.5819636024661538
32,rus,0.4134902850051763
32,slo,0.6424956692978083
32,sui,1.2061907703765136
32,swe,1.0354884905230555
32,tha,0.3784558563127214
32,tur,0.3793700830569337
32,ukr,0.22244530174037472
32,usa,1.0
32,vnm,0.3305905103580242
32,zaf,0.48274238286760734
33,arg,0.6192723186669625
33,aus,1.114377404027453
33,aut,0.8733505209459722
33,bel,0.8740548277031729
33,bgr,0.3896747522951155
33,blt,0.5358888577116262
33,bra,0.6835736479534811
33,can,0.9340245924373557
33,chl,0.6129295375795774
33,chn,0.6190168650861306
33,cor,0.7719442508593674
33,cro,0.5019240757870589
33,dnk,1.0407072347578705
33,egy,0.22191596419914877
33,esp,0.7108866726490095
33,fin,0.9732471376056738
33,fra,0.8678287559695201
33,gbr,0.8810794219478477
33,golf57,0.47811613127876906
33,grc,0.6480084191477684
33,hun,0.4956997036317266
33,idn,0.35092421940954294
33,irl,0.8952076951262309
33,ita,0.7774363364141855
33,jpn,0.9370198527493715
33,meme,0.9015092161659254
33,mex,0.4709561725622803
33,mys,0.38479837791585436
33,nde,0.3203448118942408
33,nld,0.8813976482310427
33,noan,0.3804037452099014
33,noap,0.3717751920781812
33,nor,1.1787019947612325
33,oeu,0.5592409097149621
33,osea,0.7493429408658779
33,pol,0.4611645013626862
33,prt,0.6487375175028224
33,rcam,0.64161782575116
33,rcz,0.5315198847837564
33,rfa,0.8392891192769426
33,ris,0.3337645417675484
33,rjan57,0.9578590147768516
33,rom,0.39816672633711286
33,rsaf,0.39872076456067007
33,rsam,0.6394360254912552
33,rsas,0.3322472739588765
33,rsl,0.5819636024661538
33,rus,0.4134902850051763
33,slo,0.6424956692978083
33,sui,1.2061907703765136
33,swe,1.0354884905230555
33,tha,0.3784558563127214
33,tur,0.3793700830569337
33,ukr,0.22244530174037472
33,usa,1.0
33,vnm,0.3305905103580242
33,zaf,0.48274238286760734
34,arg,0.6192723186669625
34,aus,1.114377404027453
34,aut,0.8733505209459722
34,bel,0.8740548277031729
34,bgr,0.3896747522951155
34,blt,0.5358888577116262
34,bra,0.6835736479534811
34,can,0.9340245924373557
34,chl,0.6129295375795774
34,chn,0.6190168650861306
34,cor,0.7719442508593674
34,cro,0.5019240757870589
34,dnk,1.0407072347578705
34,egy,0.22191596419914877
34,esp,0.7108866726490095
34,fin,0.9732471376056738
34,fra,0.8678287559695201
34,gbr,0.8810794219478477
34,golf57,0.47811613127876906
34,grc,0.6480084191477684
34,hun,0.4956997036317266
34,idn,0.35092421940954294
34,irl,0.8952076951262309
34,ita,0.7774363364141855
34,jpn,0.9370198527493715
34,meme,0.9015092161659254
34,mex,0.4709561725622803
34,mys,0.38479837791585436
34,nde,0.3203448118942408
34,nld,0.8813976482310427
34,noan,0.3804037452099014
34,noap,0.3717751920781812
34,nor,1.1787019947612325
34,oeu,0.5592409097149621
34,osea,0.7493429408658779
34,pol,0.4611645013626862
34,prt,0.6487375175028224
34,rcam,0.64161782575116
34,rcz,0.5315198847837564
34,rfa,0.8392891192769426
34,ris,0.3337645417675484
34,rjan57,0.9578590147768516
34,rom,0.39816672633711286
34,rsaf,0.39872076456067007
34,rsam,0.6394360254912552
34,rsas,0.3322472739588765
34,rsl,0.5819636024661538
34,rus,0.4134902850051763
34,slo,0.6424956692978083
34,sui,1.2061907703765136
34,swe,1.0354884905230555
34,tha,0.3784558563127214
34,tur,0.3793700830569337
34,ukr,0.22244530174037472
34,usa,1.0
34,vnm,0.3305905103580242
34,zaf,0.48274238286760734
35,arg,0.6192723186669625
35,aus,1.114377404027453
35,aut,0.8733505209459722
35,bel,0.8740548277031729
35,bgr,0.3896747522951155
35,blt,0.5358888577116262
35,bra,0.6835736479534811
35,can,0.9340245924373557
35,chl,0.6129295375795774
35,chn,0.6190168650861306
35,cor,0.7719442508593674
35,cro,0.5019240757870589
35,dnk,1.0407072347578705
35,egy,0.22191596419914877
35,esp,0.7108866726490095
35,fin,0.9732471376056738
35,fra,0.8678287559695201
35,gbr,0.8810794219478477
35,golf57,0.47811613127876906
35,grc,0.6480084191477684
35,hun,0.4956997036317266
35,idn,0.35092421940954294
35,irl,0.8952076951262309
35,ita,0.7774363364141855
35,jpn,0.9370198527493715
35,meme,0.9015092161659254
35,mex,0.4709561725622803
35,mys,0.38479837791585436
35,nde,0.3203448118942408
35,nld,0.8813976482310427
35,noan,0.3804037452099014
35,noap,0.3717751920781812
35,nor,1.1787019947612325
35,oeu,0.5592409097149621
35,osea,0.7493429408658779
35,pol,0.4611645013626862
35,prt,0.6487375175028224
35,rcam,0.64161782575116
35,rcz,0.5315198847837564
35,rfa,0.8392891192769426
35,ris,0.3337645417675484
35,rjan57,0.9578590147768516
35,rom,0.39816672633711286
35,rsaf,0.39872076456067007
35,rsam,0.6394360254912552
35,rsas,0.3322472739588765
35,rsl,0.5819636024661538
35,rus,0.4134902850051763
35,slo,0.6424956692978083
35,sui,1.2061907703765136
35,swe,1.0354884905230555
35,tha,0.3784558563127214
35,tur,0.3793700830569337
35,ukr,0.22244530174037472
35,usa,1.0
35,vnm,0.3305905103580242
35,zaf,0.48274238286760734
36,arg,0.6192723186669625
36,aus,1.114377404027453
36,aut,0.8733505209459722
36,bel,0.8740548277031729
36,bgr,0.3896747522951155
36,blt,0.5358888577116262
36,bra,0.6835736479534811
36,can,0.9340245924373557
36,chl,0.6129295375795774
36,chn,0.6190168650861306
36,cor,0.7719442508593674
36,cro,0.5019240757870589
36,dnk,1.0407072347578705
36,egy,0.22191596419914877
36,esp,0.7108866726490095
36,fin,0.9732471376056738
36,fra,0.8678287559695201
36,gbr,0.8810794219478477
36,golf57,0.47811613127876906
36,grc,0.6480084191477684
36,hun,0.4956997036317266
36,idn,0.35092421940954294
36,irl,0.8952076951262309
36,ita,0.7774363364141855
36,jpn,0.9370198527493715
36,meme,0.9015092161659254
36,mex,0.4709561725622803
36,mys,0.38479837791585436
36,nde,0.3203448118942408
36,nld,0.8813976482310427
36,noan,0.3804037452099014
36,noap,0.3717751920781812
36,nor,1.1787019947612325
36,oeu,0.5592409097149621
36,osea,0.7493429408658779
36,pol,0.4611645013626862
36,prt,0.6487375175028224
36,rcam,0.64161782575116
36,rcz,0.5315198847837564
36,rfa,0.8392891192769426
36,ris,0.3337645417675484
36,rjan57,0.9578590147768516
36,rom,0.39816672633711286
36,rsaf,0.39872076456067007
36,rsam,0.6394360254912552
36,rsas,0.3322472739588765
36,rsl,0.5819636024661538
36,rus,0.4134902850051763
36,slo,0.6424956692978083
36,sui,1.2061907703765136
36,swe,1.0354884905230555
36,tha,0.3784558563127214
36,tur,0.3793700830569337
36,ukr,0.22244530174037472
36,usa,1.0
36,vnm,0.3305905103580242
36,zaf,0.48274238286760734
37,arg,0.6192723186669625
37,aus,1.114377404027453
37,aut,0.8733505209459722
37,bel,0.8740548277031729
37,bgr,0.3896747522951155
37,blt,0.5358888577116262
37,bra,0.6835736479534811
37,can,0.9340245924373557
37,chl,0.6129295375795774
37,chn,0.6190168650861306
37,cor,0.7719442508593674
37,cro,0.5019240757870589
37,dnk,1.0407072347578705
37,egy,0.22191596419914877
37,esp,0.7108866726490095
37,fin,0.9732471376056738
37,fra,0.8678287559695201
37,gbr,0.8810794219478477
37,golf57,0.47811613127876906
37,grc,0.6480084191477684
37,hun,0.4956997036317266
37,idn,0.35092421940954294
37,irl,0.8952076951262309
37,ita,0.7774363364141855
37,jpn,0.9370198527493715
37,meme,0.9015092161659254
37,mex,0.4709561725622803
37,mys,0.38479837791585436
37,nde,0.3203448118942408
37,nld,0.8813976482310427
37,noan,0.3804037452099014
37,noap,0.3717751920781812
37,nor,1.1787019947612325
37,oeu,0.5592409097149621
37,osea,0.7493429408658779
37,pol,0.4611645013626862
37,prt,0.6487375175028224
37,rcam,0.64161782575116
37,rcz,0.5315198847837564
37,rfa,0.8392891192769426
37,ris,0.3337645417675484
37,rjan57,0.9578590147768516
37,rom,0.39816672633711286
37,rsaf,0.39872076456067007
37,rsam,0.6394360254912552
37,rsas,0.3322472739588765
37,rsl,0.5819636024661538
37,rus,0.4134902850051763
37,slo,0.6424956692978083
37,sui,1.2061907703765136
37,swe,1.0354884905230555
37,tha,0.3784558563127214
37,tur,0.3793700830569337
37,ukr,0.22244530174037472
37,usa,1.0
37,vnm,0.3305905103580242
37,zaf,0.48274238286760734
38,arg,0.6192723186669625
38,aus,1.114377404027453
38,aut,0.8733505209459722
38,bel,0.8740548277031729
38,bgr,0.3896747522951155
38,blt,0.5358888577116262
38,bra,0.6835736479534811
38,can,0.9340245924373557
38,chl,0.6129295375795774
38,chn,0.6190168650861306
38,cor,0.7719442508593674
38,cro,0.5019240757870589
38,dnk,1.0407072347578705
38,egy,0.22191596419914877
38,esp,0.7108866726490095
38,fin,0.9732471376056738
38,fra,0.8678287559695201
38,gbr,0.8810794219478477
38,golf57,0.47811613127876906
38,grc,0.6480084191477684
38,hun,0.4956997036317266
38,idn,0.35092421940954294
38,irl,0.8952076951262309
38,ita,0.7774363364141855
38,jpn,0.9370198527493715
38,meme,0.9015092161659254
38,mex,0.4709561725622803
38,mys,0.38479837791585436
38,nde,0.3203448118942408
38,nld,0.8813976482310427
38,noan,0.3804037452099014
38,noap,0.3717751920781812
38,nor,1.1787019947612325
38,oeu,0.5592409097149621
38,osea,0.7493429408658779
38,pol,0.4611645013626862
38,prt,0.6487375175028224
38,rcam,0.64161782575116
38,rcz,0.5315198847837564
38,rfa,0.8392891192769426
38,ris,0.3337645417675484
38,rjan57,0.9578590147768516
38,rom,0.39816672633711286
38,rsaf,0.39872076456067007
38,rsam,0.6394360254912552
38,rsas,0.3322472739588765
38,rsl,0.5819636024661538
38,rus,0.4134902850051763
38,slo,0.6424956692978083
38,sui,1.2061907703765136
38,swe,1.0354884905230555
38,tha,0.3784558563127214
38,tur,0.3793700830569337
38,ukr,0.22244530174037472
38,usa,1.0
38,vnm,0.3305905103580242
38,zaf,0.48274238286760734
39,arg,0.6192723186669625
39,aus,1.114377404027453
39,aut,0.8733505209459722
39,bel,0.8740548277031729
39,bgr,0.3896747522951155
39,blt,0.5358888577116262
39,bra,0.6835736479534811
39,can,0.9340245924373557
39,chl,0.6129295375795774
39,chn,0.6190168650861306
39,cor,0.7719442508593674
39,cro,0.5019240757870589
39,dnk,1.0407072347578705
39,egy,0.22191596419914877
39,esp,0.7108866726490095
39,fin,0.9732471376056738
39,fra,0.8678287559695201
39,gbr,0.8810794219478477
39,golf57,0.47811613127876906
39,grc,0.6480084191477684
39,hun,0.4956997036317266
39,idn,0.35092421940954294
39,irl,0.8952076951262309
39,ita,0.7774363364141855
39,jpn,0.9370198527493715
39,meme,0.9015092161659254
39,mex,0.4709561725622803
39,mys,0.38479837791585436
39,nde,0.3203448118942408
39,nld,0.8813976482310427
39,noan,0.3804037452099014
39,noap,0.3717751920781812
39,nor,1.1787019947612325
39,oeu,0.5592409097149621
39,osea,0.7493429408658779
39,pol,0.4611645013626862
39,prt,0.6487375175028224
39,rcam,0.64161782575116
39,rcz,0.5315198847837564
39,rfa,0.8392891192769426
39,ris,0.3337645417675484
39,rjan57,0.9578590147768516
39,rom,0.39816672633711286
39,rsaf,0.39872076456067007
39,rsam,0.6394360254912552
39,rsas,0.3322472739588765
39,rsl,0.5819636024661538
39,rus,0.4134902850051763
39,slo,0.6424956692978083
39,sui,1.2061907703765136
39,swe,1.0354884905230555
39,tha,0.3784558563127214
39,tur,0.3793700830569337
39,ukr,0.22244530174037472
39,usa,1.0
39,vnm,0.3305905103580242
39,zaf,0.48274238286760734
4,arg,0.6192723186669625
4,aus,1.114377404027453
4,aut,0.8733505209459722
4,bel,0.8740548277031729
4,bgr,0.3896747522951155
4,blt,0.5358888577116262
4,bra,0.6835736479534811
4,can,0.9340245924373557
4,chl,0.6129295375795774
4,chn,0.6190168650861306
4,cor,0.7719442508593674
4,cro,0.5019240757870589
4,dnk,1.0407072347578705
4,egy,0.22191596419914877
4,esp,0.7108866726490095
4,fin,0.9732471376056738
4,fra,0.8678287559695201
4,gbr,0.8810794219478477
4,golf57,0.47811613127876906
4,grc,0.6480084191477684
4,hun,0.4956997036317266
4,idn,0.35092421940954294
4,irl,0.8952076951262309
4,ita,0.7774363364141855
4,jpn,0.9370198527493715
4,meme,0.9015092161659254
4,mex,0.4709561725622803
4,mys,0.38479837791585436
4,nde,0.3203448118942408
4,nld,0.8813976482310427
4,noan,0.3804037452099014
4,noap,0.3717751920781812
4,nor,1.1787019947612325
4,oeu,0.5592409097149621
4,osea,0.7493429408658779
4,pol,0.4611645013626862
4,prt,0.6487375175028224
4,rcam,0.64161782575116
4,rcz,0.5315198847837564
4,rfa,0.8392891192769426
4,ris,0.3337645417675484
4,rjan57,0.9578590147768516
4,rom,0.39816672633711286
4,rsaf,0.39872076456067007
4,rsam,0.6394360254912552
4,rsas,0.3322472739588765
4,rsl,0.5819636024661538
4,rus,0.4134902850051763
4,slo,0.6424956692978083
4,sui,1.2061907703765136
4,swe,1.0354884905230555
4,tha,0.3784558563127214
4,tur,0.3793700830569337
4,ukr,0.22244530174037472
4,usa,1.0
4,vnm,0.3305905103580242
4,zaf,0.48274238286760734
40,arg,0.6192723186669625
40,aus,1.114377404027453
40,aut,0.8733505209459722
40,bel,0.8740548277031729
40,bgr,0.3896747522951155
40,blt,0.5358888577116262
40,bra,0.6835736479534811
40,can,0.9340245924373557
40,chl,0.6129295375795774
40,chn,0.6190168650861306
40,cor,0.7719442508593674
40,cro,0.5019240757870589
40,dnk,1.0407072347578705
40,egy,0.22191596419914877
40,esp,0.7108866726490095
40,fin,0.9732471376056738
40,fra,0.8678287559695201
40,gbr,0.8810794219478477
40,golf57,0.47811613127876906
40,grc,0.6480084191477684
40,hun,0.4956997036317266
40,idn,0.35092421940954294
40,irl,0.8952076951262309
40,ita,0.7774363364141855
40,jpn,0.9370198527493715
40,meme,0.9015092161659254
40,mex,0.4709561725622803
40,mys,0.38479837791585436
40,nde,0.3203448118942408
40,nld,0.8813976482310427
40,noan,0.3804037452099014
40,noap,0.3717751920781812
40,nor,1.1787019947612325
40,oeu,0.5592409097149621
40,osea,0.7493429408658779
40,pol,0.4611645013626862
40,prt,0.6487375175028224
40,rcam,0.64161782575116
40,rcz,0.5315198847837564
40,rfa,0.8392891192769426
40,ris,0.3337645417675484
40,rjan57,0.9578590147768516
40,rom,0.39816672633711286
40,rsaf,0.39872076456067007
40,rsam,0.6394360254912552
40,rsas,0.3322472739588765
40,rsl,0.5819636024661538
40,rus,0.4134902850051763
40,slo,0.6424956692978083
40,sui,1.2061907703765136
40,swe,1.0354884905230555
40,tha,0.3784558563127214
40,tur,0.3793700830569337
40,ukr,0.22244530174037472
40,usa,1.0
40,vnm,0.3305905103580242
40,zaf,0.48274238286760734
41,arg,0.6192723186669625
41,aus,1.114377404027453
41,aut,0.8733505209459722
41,bel,0.8740548277031729
41,bgr,0.3896747522951155
41,blt,0.5358888577116262
41,bra,0.6835736479534811
41,can,0.9340245924373557
41,chl,0.6129295375795774
41,chn,0.6190168650861306
41,cor,0.7719442508593674
41,cro,0.5019240757870589
41,dnk,1.0407072347578705
41,egy,0.22191596419914877
41,esp,0.7108866726490095
41,fin,0.9732471376056738
41,fra,0.8678287559695201
41,gbr,0.8810794219478477
41,golf57,0.47811613127876906
41,grc,0.6480084191477684
41,hun,0.4956997036317266
41,idn,0.35092421940954294
41,irl,0.8952076951262309
41,ita,0.7774363364141855
41,jpn,0.9370198527493715
41,meme,0.9015092161659254
41,mex,0.4709561725622803
41,mys,0.38479837791585436
41,nde,0.3203448118942408
41,nld,0.8813976482310427
41,noan,0.3804037452099014
41,noap,0.3717751920781812
41,nor,1.1787019947612325
41,oeu,0.5592409097149621
41,osea,0.7493429408658779
41,pol,0.4611645013626862
41,prt,0.6487375175028224
41,rcam,0.64161782575116
41,rcz,0.5315198847837564
41,rfa,0.8392891192769426
41,ris,0.3337645417675484
41,rjan57,0.9578590147768516
41,rom,0.39816672633711286
41,rsaf,0.39872076456067007
41,rsam,0.6394360254912552
41,rsas,0.3322472739588765
41,rsl,0.5819636024661538
41,rus,0.4134902850051763
41,slo,0.6424956692978083
41,sui,1.2061907703765136
41,swe,1.0354884905230555
41,tha,0.3784558563127214
41,tur,0.3793700830569337
41,ukr,0.22244530174037472
41,usa,1.0
41,vnm,0.3305905103580242
41,zaf,0.48274238286760734
42,arg,0.6192723186669625
42,aus,1.114377404027453
42,aut,0.8733505209459722
42,bel,0.8740548277031729
42,bgr,0.3896747522951155
42,blt,0.5358888577116262
42,bra,0.6835736479534811
42,can,0.9340245924373557
42,chl,0.6129295375795774
42,chn,0.6190168650861306
42,cor,0.7719442508593674
42,cro,0.5019240757870589
42,dnk,1.0407072347578705
42,egy,0.22191596419914877
42,esp,0.7108866726490095
42,fin,0.9732471376056738
42,fra,0.8678287559695201
42,gbr,0.8810794219478477
42,golf57,0.47811613127876906
42,grc,0.6480084191477684
42,hun,0.4956997036317266
42,idn,0.35092421940954294
42,irl,0.8952076951262309
42,ita,0.7774363364141855
42,jpn,0.9370198527493715
42,meme,0.9015092161659254
42,mex,0.4709561725622803
42,mys,0.38479837791585436
42,nde,0.3203448118942408
42,nld,0.8813976482310427
42,noan,0.3804037452099014
42,noap,0.3717751920781812
42,nor,1.1787019947612325
42,oeu,0.5592409097149621
42,osea,0.7493429408658779
42,pol,0.4611645013626862
42,prt,0.6487375175028224
42,rcam,0.64161782575116
42,rcz,0.5315198847837564
42,rfa,0.8392891192769426
42,ris,0.3337645417675484
42,rjan57,0.9578590147768516
42,rom,0.39816672633711286
42,rsaf,0.39872076456067007
42,rsam,0.6394360254912552
42,rsas,0.3322472739588765
42,rsl,0.5819636024661538
42,rus,0.4134902850051763
42,slo,0.6424956692978083
42,sui,1.2061907703765136
42,swe,1.0354884905230555
42,tha,0.3784558563127214
42,tur,0.3793700830569337
42,ukr,0.22244530174037472
42,usa,1.0
42,vnm,0.3305905103580242
42,zaf,0.48274238286760734
43,arg,0.6192723186669625
43,aus,1.114377404027453
43,aut,0.8733505209459722
43,bel,0.8740548277031729
43,bgr,0.3896747522951155
43,blt,0.5358888577116262
43,bra,0.6835736479534811
43,can,0.9340245924373557
43,chl,0.6129295375795774
43,chn,0.6190168650861306
43,cor,0.7719442508593674
43,cro,0.5019240757870589
43,dnk,1.0407072347578705
43,egy,0.22191596419914877
43,esp,0.7108866726490095
43,fin,0.9732471376056738
43,fra,0.8678287559695201
43,gbr,0.8810794219478477
43,golf57,0.47811613127876906
43,grc,0.6480084191477684
43,hun,0.4956997036317266
43,idn,0.35092421940954294
43,irl,0.8952076951262309
43,ita,0.7774363364141855
43,jpn,0.9370198527493715
43,meme,0.9015092161659254
43,mex,0.4709561725622803
43,mys,0.38479837791585436
43,nde,0.3203448118942408
43,nld,0.8813976482310427
43,noan,0.3804037452099014
43,noap,0.3717751920781812
43,nor,1.1787019947612325
43,oeu,0.5592409097149621
43,osea,0.7493429408658779
43,pol,0.4611645013626862
43,prt,0.6487375175028224
43,rcam,0.64161782575116
43,rcz,0.5315198847837564
43,rfa,0.8392891192769426
43,ris,0.3337645417675484
43,rjan57,0.9578590147768516
43,rom,0.39816672633711286
43,rsaf,0.39872076456067007
43,rsam,0.6394360254912552
43,rsas,0.3322472739588765
43,rsl,0.5819636024661538
43,rus,0.4134902850051763
43,slo,0.6424956692978083
43,sui,1.2061907703765136
43,swe,1.0354884905230555
43,tha,0.3784558563127214
43,tur,0.3793700830569337
43,ukr,0.22244530174037472
43,usa,1.0
43,vnm,0.3305905103580242
43,zaf,0.48274238286760734
44,arg,0.6192723186669625
44,aus,1.114377404027453
44,aut,0.8733505209459722
44,bel,0.8740548277031729
44,bgr,0.3896747522951155
44,blt,0.5358888577116262
44,bra,0.6835736479534811
44,can,0.9340245924373557
44,chl,0.6129295375795774
44,chn,0.6190168650861306
44,cor,0.7719442508593674
44,cro,0.5019240757870589
44,dnk,1.0407072347578705
44,egy,0.22191596419914877
44,esp,0.7108866726490095
44,fin,0.9732471376056738
44,fra,0.8678287559695201
44,gbr,0.8810794219478477
44,golf57,0.47811613127876906
44,grc,0.6480084191477684
44,hun,0.4956997036317266
44,idn,0.35092421940954294
44,irl,0.8952076951262309
44,ita,0.7774363364141855
44,jpn,0.9370198527493715
44,meme,0.9015092161659254
44,mex,0.4709561725622803
44,mys,0.38479837791585436
44,nde,0.3203448118942408
44,nld,0.8813976482310427
44,noan,0.3804037452099014
44,noap,0.3717751920781812
44,nor,1.1787019947612325
44,oeu,0.5592409097149621
44,osea,0.7493429408658779
44,pol,0.4611645013626862
44,prt,0.6487375175028224
44,rcam,0.64161782575116
44,rcz,0.5315198847837564
44,rfa,0.8392891192769426
44,ris,0.3337645417675484
44,rjan57,0.9578590147768516
44,rom,0.39816672633711286
44,rsaf,0.39872076456067007
44,rsam,0.6394360254912552
44,rsas,0.3322472739588765
44,rsl,0.5819636024661538
44,rus,0.4134902850051763
44,slo,0.6424956692978083
44,sui,1.2061907703765136
44,swe,1.0354884905230555
44,tha,0.3784558563127214
44,tur,0.3793700830569337
44,ukr,0.22244530174037472
44,usa,1.0
44,vnm,0.3305905103580242
44,zaf,0.48274238286760734
45,arg,0.6192723186669625
45,aus,1.114377404027453
45,aut,0.8733505209459722
45,bel,0.8740548277031729
45,bgr,0.3896747522951155
45,blt,0.5358888577116262
45,bra,0.6835736479534811
45,can,0.9340245924373557
45,chl,0.6129295375795774
45,chn,0.6190168650861306
45,cor,0.7719442508593674
45,cro,0.5019240757870589
45,dnk,1.0407072347578705
45,egy,0.22191596419914877
45,esp,0.7108866726490095
45,fin,0.9732471376056738
45,fra,0.8678287559695201
45,gbr,0.8810794219478477
45,golf57,0.47811613127876906
45,grc,0.6480084191477684
45,hun,0.4956997036317266
45,idn,0.35092421940954294
45,irl,0.8952076951262309
45,ita,0.7774363364141855
45,jpn,0.9370198527493715
45,meme,0.9015092161659254
45,mex,0.4709561725622803
45,mys,0.38479837791585436
45,nde,0.3203448118942408
45,nld,0.8813976482310427
45,noan,0.3804037452099014
45,noap,0.3717751920781812
45,nor,1.1787019947612325
45,oeu,0.5592409097149621
45,osea,0.7493429408658779
45,pol,0.4611645013626862
45,prt,0.6487375175028224
45,rcam,0.64161782575116
45,rcz,0.5315198847837564
45,rfa,0.8392891192769426
45,ris,0.3337645417675484
45,rjan57,0.9578590147768516
45,rom,0.39816672633711286
45,rsaf,0.39872076456067007
45,rsam,0.6394360254912552
45,rsas,0.3322472739588765
45,rsl,0.5819636024661538
45,rus,0.4134902850051763
45,slo,0.6424956692978083
45,sui,1.2061907703765136
45,swe,1.0354884905230555
45,tha,0.3784558563127214
45,tur,0.3793700830569337
45,ukr,0.22244530174037472
45,usa,1.0
45,vnm,0.3305905103580242
45,zaf,0.48274238286760734
46,arg,0.6192723186669625
46,aus,1.114377404027453
46,aut,0.8733505209459722
46,bel,0.8740548277031729
46,bgr,0.3896747522951155
46,blt,0.5358888577116262
46,bra,0.6835736479534811
46,can,0.9340245924373557
46,chl,0.6129295375795774
46,chn,0.6190168650861306
46,cor,0.7719442508593674
46,cro,0.5019240757870589
46,dnk,1.0407072347578705
46,egy,0.22191596419914877
46,esp,0.7108866726490095
46,fin,0.9732471376056738
46,fra,0.8678287559695201
46,gbr,0.8810794219478477
46,golf57,0.47811613127876906
46,grc,0.6480084191477684
46,hun,0.4956997036317266
46,idn,0.35092421940954294
46,irl,0.8952076951262309
46,ita,0.7774363364141855
46,jpn,0.9370198527493715
46,meme,0.9015092161659254
46,mex,0.4709561725622803
46,mys,0.38479837791585436
46,nde,0.3203448118942408
46,nld,0.8813976482310427
46,noan,0.3804037452099014
46,noap,0.3717751920781812
46,nor,1.1787019947612325
46,oeu,0.5592409097149621
46,osea,0.7493429408658779
46,pol,0.4611645013626862
46,prt,0.6487375175028224
46,rcam,0.64161782575116
46,rcz,0.5315198847837564
46,rfa,0.8392891192769426
46,ris,0.3337645417675484
46,rjan57,0.9578590147768516
46,rom,0.39816672633711286
46,rsaf,0.39872076456067007
46,rsam,0.6394360254912552
46,rsas,0.3322472739588765
46,rsl,0.5819636024661538
46,rus,0.4134902850051763
46,slo,0.6424956692978083
46,sui,1.2061907703765136
46,swe,1.0354884905230555
46,tha,0.3784558563127214
46,tur,0.3793700830569337
46,ukr,0.22244530174037472
46,usa,1.0
46,vnm,0.3305905103580242
46,zaf,0.48274238286760734
47,arg,0.6192723186669625
47,aus,1.114377404027453
47,aut,0.8733505209459722
47,bel,0.8740548277031729
47,bgr,0.3896747522951155
47,blt,0.5358888577116262
47,bra,0.6835736479534811
47,can,0.9340245924373557
47,chl,0.6129295375795774
47,chn,0.6190168650861306
47,cor,0.7719442508593674
47,cro,0.5019240757870589
47,dnk,1.0407072347578705
47,egy,0.22191596419914877
47,esp,0.7108866726490095
47,fin,0.9732471376056738
47,fra,0.8678287559695201
47,gbr,0.8810794219478477
47,golf57,0.47811613127876906
47,grc,0.6480084191477684
47,hun,0.4956997036317266
47,idn,0.35092421940954294
47,irl,0.8952076951262309
47,ita,0.7774363364141855
47,jpn,0.9370198527493715
47,meme,0.9015092161659254
47,mex,0.4709561725622803
47,mys,0.38479837791585436
47,nde,0.3203448118942408
47,nld,0.8813976482310427
47,noan,0.3804037452099014
47,noap,0.3717751920781812
47,nor,1.1787019947612325
47,oeu,0.5592409097149621
47,osea,0.7493429408658779
47,pol,0.4611645013626862
47,prt,0.6487375175028224
47,rcam,0.64161782575116
47,rcz,0.5315198847837564
47,rfa,0.8392891192769426
47,ris,0.3337645417675484
47,rjan57,0.9578590147768516
47,rom,0.39816672633711286
47,rsaf,0.39872076456067007
47,rsam,0.6394360254912552
47,rsas,0.3322472739588765
47,rsl,0.5819636024661538
47,rus,0.4134902850051763
47,slo,0.6424956692978083
47,sui,1.2061907703765136
47,swe,1.0354884905230555
47,tha,0.3784558563127214
47,tur,0.3793700830569337
47,ukr,0.22244530174037472
47,usa,1.0
47,vnm,0.3305905103580242
47,zaf,0.48274238286760734
48,arg,0.6192723186669625
48,aus,1.114377404027453
48,aut,0.8733505209459722
48,bel,0.8740548277031729
48,bgr,0.3896747522951155
48,blt,0.5358888577116262
48,bra,0.6835736479534811
48,can,0.9340245924373557
48,chl,0.6129295375795774
48,chn,0.6190168650861306
48,cor,0.7719442508593674
48,cro,0.5019240757870589
48,dnk,1.0407072347578705
48,egy,0.22191596419914877
48,esp,0.7108866726490095
48,fin,0.9732471376056738
48,fra,0.8678287559695201
48,gbr,0.8810794219478477
48,golf57,0.47811613127876906
48,grc,0.6480084191477684
48,hun,0.4956997036317266
48,idn,0.35092421940954294
48,irl,0.8952076951262309
48,ita,0.7774363364141855
48,jpn,0.9370198527493715
48,meme,0.9015092161659254
48,mex,0.4709561725622803
48,mys,0.38479837791585436
48,nde,0.3203448118942408
48,nld,0.8813976482310427
48,noan,0.3804037452099014
48,noap,0.3717751920781812
48,nor,1.1787019947612325
48,oeu,0.5592409097149621
48,osea,0.7493429408658779
48,pol,0.4611645013626862
48,prt,0.6487375175028224
48,rcam,0.64161782575116
48,rcz,0.5315198847837564
48,rfa,0.8392891192769426
48,ris,0.3337645417675484
48,rjan57,0.9578590147768516
48,rom,0.39816672633711286
48,rsaf,0.39872076456067007
48,rsam,0.6394360254912552
48,rsas,0.3322472739588765
48,rsl,0.5819636024661538
48,rus,0.4134902850051763
48,slo,0.6424956692978083
48,sui,1.2061907703765136
48,swe,1.0354884905230555
48,tha,0.3784558563127214
48,tur,0.3793700830569337
48,ukr,0.22244530174037472
48,usa,1.0
48,vnm,0.3305905103580242
48,zaf,0.48274238286760734
49,arg,0.6192723186669625
49,aus,1.114377404027453
49,aut,0.8733505209459722
49,bel,0.8740548277031729
49,bgr,0.3896747522951155
49,blt,0.5358888577116262
49,bra,0.6835736479534811
49,can,0.9340245924373557
49,chl,0.6129295375795774
49,chn,0.6190168650861306
49,cor,0.7719442508593674
49,cro,0.5019240757870589
49,dnk,1.0407072347578705
49,egy,0.22191596419914877
49,esp,0.7108866726490095
49,fin,0.9732471376056738
49,fra,0.8678287559695201
49,gbr,0.8810794219478477
49,golf57,0.47811613127876906
49,grc,0.6480084191477684
49,hun,0.4956997036317266
49,idn,0.35092421940954294
49,irl,0.8952076951262309
49,ita,0.7774363364141855
49,jpn,0.9370198527493715
49,meme,0.9015092161659254
49,mex,0.4709561725622803
49,mys,0.38479837791585436
49,nde,0.3203448118942408
49,nld,0.8813976482310427
49,noan,0.3804037452099014
49,noap,0.3717751920781812
49,nor,1.1787019947612325
49,oeu,0.5592409097149621
49,osea,0.7493429408658779
49,pol,0.4611645013626862
49,prt,0.6487375175028224
49,rcam,0.64161782575116
49,rcz,0.5315198847837564
49,rfa,0.8392891192769426
49,ris,0.3337645417675484
49,rjan57,0.9578590147768516
49,rom,0.39816672633711286
49,rsaf,0.39872076456067007
49,rsam,0.6394360254912552
49,rsas,0.3322472739588765
49,rsl,0.5819636024661538
49,rus,0.4134902850051763
49,slo,0.6424956692978083
49,sui,1.2061907703765136
49,swe,1.0354884905230555
49,tha,0.3784558563127214
49,tur,0.3793700830569337
49,ukr,0.22244530174037472
49,usa,1.0
49,vnm,0.3305905103580242
49,zaf,0.48274238286760734
5,arg,0.6192723186669625
5,aus,1.114377404027453
5,aut,0.8733505209459722
5,bel,0.8740548277031729
5,bgr,0.3896747522951155
5,blt,0.5358888577116262
5,bra,0.6835736479534811
5,can,0.9340245924373557
5,chl,0.6129295375795774
5,chn,0.6190168650861306
5,cor,0.7719442508593674
5,cro,0.5019240757870589
5,dnk,1.0407072347578705
5,egy,0.22191596419914877
5,esp,0.7108866726490095
5,fin,0.9732471376056738
5,fra,0.8678287559695201
5,gbr,0.8810794219478477
5,golf57,0.47811613127876906
5,grc,0.6480084191477684
5,hun,0.4956997036317266
5,idn,0.35092421940954294
5,irl,0.8952076951262309
5,ita,0.7774363364141855
5,jpn,0.9370198527493715
5,meme,0.9015092161659254
5,mex,0.4709561725622803
5,mys,0.38479837791585436
5,nde,0.3203448118942408
5,nld,0.8813976482310427
5,noan,0.3804037452099014
5,noap,0.3717751920781812
5,nor,1.1787019947612325
5,oeu,0.5592409097149621
5,osea,0.7493429408658779
5,pol,0.4611645013626862
5,prt,0.6487375175028224
5,rcam,0.64161782575116
5,rcz,0.5315198847837564
5,rfa,0.8392891192769426
5,ris,0.3337645417675484
5,rjan57,0.9578590147768516
5,rom,0.39816672633711286
5,rsaf,0.39872076456067007
5,rsam,0.6394360254912552
5,rsas,0.3322472739588765
5,rsl,0.5819636024661538
5,rus,0.4134902850051763
5,slo,0.6424956692978083
5,sui,1.2061907703765136
5,swe,1.0354884905230555
5,tha,0.3784558563127214
5,tur,0.3793700830569337
5,ukr,0.22244530174037472
5,usa,1.0
5,vnm,0.3305905103580242
5,zaf,0.48274238286760734
50,arg,0.6192723186669625
50,aus,1.114377404027453
50,aut,0.8733505209459722
50,bel,0.8740548277031729
50,bgr,0.3896747522951155
50,blt,0.5358888577116262
50,bra,0.6835736479534811
50,can,0.9340245924373557
50,chl,0.6129295375795774
50,chn,0.6190168650861306
50,cor,0.7719442508593674
50,cro,0.5019240757870589
50,dnk,1.0407072347578705
50,egy,0.22191596419914877
50,esp,0.7108866726490095
50,fin,0.9732471376056738
50,fra,0.8678287559695201
50,gbr,0.8810794219478477
50,golf57,0.47811613127876906
50,grc,0.6480084191477684
50,hun,0.4956997036317266
50,idn,0.35092421940954294
50,irl,0.8952076951262309
50,ita,0.7774363364141855
50,jpn,0.9370198527493715
50,meme,0.9015092161659254
50,mex,0.4709561725622803
50,mys,0.38479837791585436
50,nde,0.3203448118942408
50,nld,0.8813976482310427
50,noan,0.3804037452099014
50,noap,0.3717751920781812
50,nor,1.1787019947612325
50,oeu,0.5592409097149621
50,osea,0.7493429408658779
50,pol,0.4611645013626862
50,prt,0.6487375175028224
50,rcam,0.64161782575116
50,rcz,0.5315198847837564
50,rfa,0.8392891192769426
50,ris,0.3337645417675484
50,rjan57,0.9578590147768516
50,rom,0.39816672633711286
50,rsaf,0.39872076456067007
50,rsam,0.6394360254912552
50,rsas,0.3322472739588765
50,rsl,0.5819636024661538
50,rus,0.4134902850051763
50,slo,0.6424956692978083
50,sui,1.2061907703765136
50,swe,1.0354884905230555
50,tha,0.3784558563127214
50,tur,0.3793700830569337
50,ukr,0.22244530174037472
50,usa,1.0
50,vnm,0.3305905103580242
50,zaf,0.48274238286760734
51,arg,0.6192723186669625
51,aus,1.114377404027453
51,aut,0.8733505209459722
51,bel,0.8740548277031729
51,bgr,0.3896747522951155
51,blt,0.5358888577116262
51,bra,0.6835736479534811
51,can,0.9340245924373557
51,chl,0.6129295375795774
51,chn,0.6190168650861306
51,cor,0.7719442508593674
51,cro,0.5019240757870589
51,dnk,1.0407072347578705
51,egy,0.22191596419914877
51,esp,0.7108866726490095
51,fin,0.9732471376056738
51,fra,0.8678287559695201
51,gbr,0.8810794219478477
51,golf57,0.47811613127876906
51,grc,0.6480084191477684
51,hun,0.4956997036317266
51,idn,0.35092421940954294
51,irl,0.8952076951262309
51,ita,0.7774363364141855
51,jpn,0.9370198527493715
51,meme,0.9015092161659254
51,mex,0.4709561725622803
51,mys,0.38479837791585436
51,nde,0.3203448118942408
51,nld,0.8813976482310427
51,noan,0.3804037452099014
51,noap,0.3717751920781812
51,nor,1.1787019947612325
51,oeu,0.5592409097149621
51,osea,0.7493429408658779
51,pol,0.4611645013626862
51,prt,0.6487375175028224
51,rcam,0.64161782575116
51,rcz,0.5315198847837564
51,rfa,0.8392891192769426
51,ris,0.3337645417675484
51,rjan57,0.9578590147768516
51,rom,0.39816672633711286
51,rsaf,0.39872076456067007
51,rsam,0.6394360254912552
51,rsas,0.3322472739588765
51,rsl,0.5819636024661538
51,rus,0.4134902850051763
51,slo,0.6424956692978083
51,sui,1.2061907703765136
51,swe,1.0354884905230555
51,tha,0.3784558563127214
51,tur,0.3793700830569337
51,ukr,0.22244530174037472
51,usa,1.0
51,vnm,0.3305905103580242
51,zaf,0.48274238286760734
52,arg,0.6192723186669625
52,aus,1.114377404027453
52,aut,0.8733505209459722
52,bel,0.8740548277031729
52,bgr,0.3896747522951155
52,blt,0.5358888577116262
52,bra,0.6835736479534811
52,can,0.9340245924373557
52,chl,0.6129295375795774
52,chn,0.6190168650861306
52,cor,0.7719442508593674
52,cro,0.5019240757870589
52,dnk,1.0407072347578705
52,egy,0.22191596419914877
52,esp,0.7108866726490095
52,fin,0.9732471376056738
52,fra,0.8678287559695201
52,gbr,0.8810794219478477
52,golf57,0.47811613127876906
52,grc,0.6480084191477684
52,hun,0.4956997036317266
52,idn,0.35092421940954294
52,irl,0.8952076951262309
52,ita,0.7774363364141855
52,jpn,0.9370198527493715
52,meme,0.9015092161659254
52,mex,0.4709561725622803
52,mys,0.38479837791585436
52,nde,0.3203448118942408
52,nld,0.8813976482310427
52,noan,0.3804037452099014
52,noap,0.3717751920781812
52,nor,1.1787019947612325
52,oeu,0.5592409097149621
52,osea,0.7493429408658779
52,pol,0.4611645013626862
52,prt,0.6487375175028224
52,rcam,0.64161782575116
52,rcz,0.5315198847837564
52,rfa,0.8392891192769426
52,ris,0.3337645417675484
52,rjan57,0.9578590147768516
52,rom,0.39816672633711286
52,rsaf,0.39872076456067007
52,rsam,0.6394360254912552
52,rsas,0.3322472739588765
52,rsl,0.5819636024661538
52,rus,0.4134902850051763
52,slo,0.6424956692978083
52,sui,1.2061907703765136
52,swe,1.0354884905230555
52,tha,0.3784558563127214
52,tur,0.3793700830569337
52,ukr,0.22244530174037472
52,usa,1.0
52,vnm,0.3305905103580242
52,zaf,0.48274238286760734
53,arg,0.6192723186669625
53,aus,1.114377404027453
53,aut,0.8733505209459722
53,bel,0.8740548277031729
53,bgr,0.3896747522951155
53,blt,0.5358888577116262
53,bra,0.6835736479534811
53,can,0.9340245924373557
53,chl,0.6129295375795774
53,chn,0.6190168650861306
53,cor,0.7719442508593674
53,cro,0.5019240757870589
53,dnk,1.0407072347578705
53,egy,0.22191596419914877
53,esp,0.7108866726490095
53,fin,0.9732471376056738
53,fra,0.8678287559695201
53,gbr,0.8810794219478477
53,golf57,0.47811613127876906
53,grc,0.6480084191477684
53,hun,0.4956997036317266
53,idn,0.35092421940954294
53,irl,0.8952076951262309
53,ita,0.7774363364141855
53,jpn,0.9370198527493715
53,meme,0.9015092161659254
53,mex,0.4709561725622803
53,mys,0.38479837791585436
53,nde,0.3203448118942408
53,nld,0.8813976482310427
53,noan,0.3804037452099014
53,noap,0.3717751920781812
53,nor,1.1787019947612325
53,oeu,0.5592409097149621
53,osea,0.7493429408658779
53,pol,0.4611645013626862
53,prt,0.6487375175028224
53,rcam,0.64161782575116
53,rcz,0.5315198847837564
53,rfa,0.8392891192769426
53,ris,0.3337645417675484
53,rjan57,0.9578590147768516
53,rom,0.39816672633711286
53,rsaf,0.39872076456067007
53,rsam,0.6394360254912552
53,rsas,0.3322472739588765
53,rsl,0.5819636024661538
53,rus,0.4134902850051763
53,slo,0.6424956692978083
53,sui,1.2061907703765136
53,swe,1.0354884905230555
53,tha,0.3784558563127214
53,tur,0.3793700830569337
53,ukr,0.22244530174037472
53,usa,1.0
53,vnm,0.3305905103580242
53,zaf,0.48274238286760734
54,arg,0.6192723186669625
54,aus,1.114377404027453
54,aut,0.8733505209459722
54,bel,0.8740548277031729
54,bgr,0.3896747522951155
54,blt,0.5358888577116262
54,bra,0.6835736479534811
54,can,0.9340245924373557
54,chl,0.6129295375795774
54,chn,0.6190168650861306
54,cor,0.7719442508593674
54,cro,0.5019240757870589
54,dnk,1.0407072347578705
54,egy,0.22191596419914877
54,esp,0.7108866726490095
54,fin,0.9732471376056738
54,fra,0.8678287559695201
54,gbr,0.8810794219478477
54,golf57,0.47811613127876906
54,grc,0.6480084191477684
54,hun,0.4956997036317266
54,idn,0.35092421940954294
54,irl,0.8952076951262309
54,ita,0.7774363364141855
54,jpn,0.9370198527493715
54,meme,0.9015092161659254
54,mex,0.4709561725622803
54,mys,0.38479837791585436
54,nde,0.3203448118942408
54,nld,0.8813976482310427
54,noan,0.3804037452099014
54,noap,0.3717751920781812
54,nor,1.1787019947612325
54,oeu,0.5592409097149621
54,osea,0.7493429408658779
54,pol,0.4611645013626862
54,prt,0.6487375175028224
54,rcam,0.64161782575116
54,rcz,0.5315198847837564
54,rfa,0.8392891192769426
54,ris,0.3337645417675484
54,rjan57,0.9578590147768516
54,rom,0.39816672633711286
54,rsaf,0.39872076456067007
54,rsam,0.6394360254912552
54,rsas,0.3322472739588765
54,rsl,0.5819636024661538
54,rus,0.4134902850051763
54,slo,0.6424956692978083
54,sui,1.2061907703765136
54,swe,1.0354884905230555
54,tha,0.3784558563127214
54,tur,0.3793700830569337
54,ukr,0.22244530174037472
54,usa,1.0
54,vnm,0.3305905103580242
54,zaf,0.48274238286760734
55,arg,0.6192723186669625
55,aus,1.114377404027453
55,aut,0.8733505209459722
55,bel,0.8740548277031729
55,bgr,0.3896747522951155
55,blt,0.5358888577116262
55,bra,0.6835736479534811
55,can,0.9340245924373557
55,chl,0.6129295375795774
55,chn,0.6190168650861306
55,cor,0.7719442508593674
55,cro,0.5019240757870589
55,dnk,1.0407072347578705
55,egy,0.22191596419914877
55,esp,0.7108866726490095
55,fin,0.9732471376056738
55,fra,0.8678287559695201
55,gbr,0.8810794219478477
55,golf57,0.47811613127876906
55,grc,0.6480084191477684
55,hun,0.4956997036317266
55,idn,0.35092421940954294
55,irl,0.8952076951262309
55,ita,0.7774363364141855
55,jpn,0.9370198527493715
55,meme,0.9015092161659254
55,mex,0.4709561725622803
55,mys,0.38479837791585436
55,nde,0.3203448118942408
55,nld,0.8813976482310427
55,noan,0.3804037452099014
55,noap,0.3717751920781812
55,nor,1.1787019947612325
55,oeu,0.5592409097149621
55,osea,0.7493429408658779
55,pol,0.4611645013626862
55,prt,0.6487375175028224
55,rcam,0.64161782575116
55,rcz,0.5315198847837564
55,rfa,0.8392891192769426
55,ris,0.3337645417675484
55,rjan57,0.9578590147768516
55,rom,0.39816672633711286
55,rsaf,0.39872076456067007
55,rsam,0.6394360254912552
55,rsas,0.3322472739588765
55,rsl,0.5819636024661538
55,rus,0.4134902850051763
55,slo,0.6424956692978083
55,sui,1.2061907703765136
55,swe,1.0354884905230555
55,tha,0.3784558563127214
55,tur,0.3793700830569337
55,ukr,0.22244530174037472
55,usa,1.0
55,vnm,0.3305905103580242
55,zaf,0.48274238286760734
56,arg,0.6192723186669625
56,aus,1.114377404027453
56,aut,0.8733505209459722
56,bel,0.8740548277031729
56,bgr,0.3896747522951155
56,blt,0.5358888577116262
56,bra,0.6835736479534811
56,can,0.9340245924373557
56,chl,0.6129295375795774
56,chn,0.6190168650861306
56,cor,0.7719442508593674
56,cro,0.5019240757870589
56,dnk,1.0407072347578705
56,egy,0.22191596419914877
56,esp,0.7108866726490095
56,fin,0.9732471376056738
56,fra,0.8678287559695201
56,gbr,0.8810794219478477
56,golf57,0.47811613127876906
56,grc,0.6480084191477684
56,hun,0.4956997036317266
56,idn,0.35092421940954294
56,irl,0.8952076951262309
56,ita,0.7774363364141855
56,jpn,0.9370198527493715
56,meme,0.9015092161659254
56,mex,0.4709561725622803
56,mys,0.38479837791585436
56,nde,0.3203448118942408
56,nld,0.8813976482310427
56,noan,0.3804037452099014
56,noap,0.3717751920781812
56,nor,1.1787019947612325
56,oeu,0.5592409097149621
56,osea,0.7493429408658779
56,pol,0.4611645013626862
56,prt,0.6487375175028224
56,rcam,0.64161782575116
56,rcz,0.5315198847837564
56,rfa,0.8392891192769426
56,ris,0.3337645417675484
56,rjan57,0.9578590147768516
56,rom,0.39816672633711286
56,rsaf,0.39872076456067007
56,rsam,0.6394360254912552
56,rsas,0.3322472739588765
56,rsl,0.5819636024661538
56,rus,0.4134902850051763
56,slo,0.6424956692978083
56,sui,1.2061907703765136
56,swe,1.0354884905230555
56,tha,0.3784558563127214
56,tur,0.3793700830569337
56,ukr,0.22244530174037472
56,usa,1.0
56,vnm,0.3305905103580242
56,zaf,0.48274238286760734
57,arg,0.6192723186669625
57,aus,1.114377404027453
57,aut,0.8733505209459722
57,bel,0.8740548277031729
57,bgr,0.3896747522951155
57,blt,0.5358888577116262
57,bra,0.6835736479534811
57,can,0.9340245924373557
57,chl,0.6129295375795774
57,chn,0.6190168650861306
57,cor,0.7719442508593674
57,cro,0.5019240757870589
57,dnk,1.0407072347578705
57,egy,0.22191596419914877
57,esp,0.7108866726490095
57,fin,0.9732471376056738
57,fra,0.8678287559695201
57,gbr,0.8810794219478477
57,golf57,0.47811613127876906
57,grc,0.6480084191477684
57,hun,0.4956997036317266
57,idn,0.35092421940954294
57,irl,0.8952076951262309
57,ita,0.7774363364141855
57,jpn,0.9370198527493715
57,meme,0.9015092161659254
57,mex,0.4709561725622803
57,mys,0.38479837791585436
57,nde,0.3203448118942408
57,nld,0.8813976482310427
57,noan,0.3804037452099014
57,noap,0.3717751920781812
57,nor,1.1787019947612325
57,oeu,0.5592409097149621
57,osea,0.7493429408658779
57,pol,0.4611645013626862
57,prt,0.6487375175028224
57,rcam,0.64161782575116
57,rcz,0.5315198847837564
57,rfa,0.8392891192769426
57,ris,0.3337645417675484
57,rjan57,0.9578590147768516
57,rom,0.39816672633711286
57,rsaf,0.39872076456067007
57,rsam,0.6394360254912552
57,rsas,0.3322472739588765
57,rsl,0.5819636024661538
57,rus,0.4134902850051763
57,slo,0.6424956692978083
57,sui,1.2061907703765136
57,swe,1.0354884905230555
57,tha,0.3784558563127214
57,tur,0.3793700830569337
57,ukr,0.22244530174037472
57,usa,1.0
57,vnm,0.3305905103580242
57,zaf,0.48274238286760734
58,arg,0.6192723186669625
58,aus,1.114377404027453
58,aut,0.8733505209459722
58,bel,0.8740548277031729
58,bgr,0.3896747522951155
58,blt,0.5358888577116262
58,bra,0.6835736479534811
58,can,0.9340245924373557
58,chl,0.6129295375795774
58,chn,0.6190168650861306
58,cor,0.7719442508593674
58,cro,0.5019240757870589
58,dnk,1.0407072347578705
58,egy,0.22191596419914877
58,esp,0.7108866726490095
58,fin,0.9732471376056738
58,fra,0.8678287559695201
58,gbr,0.8810794219478477
58,golf57,0.47811613127876906
58,grc,0.6480084191477684
58,hun,0.4956997036317266
58,idn,0.35092421940954294
58,irl,0.8952076951262309
58,ita,0.7774363364141855
58,jpn,0.9370198527493715
58,meme,0.9015092161659254
58,mex,0.4709561725622803
58,mys,0.38479837791585436
58,nde,0.3203448118942408
58,nld,0.8813976482310427
58,noan,0.3804037452099014
58,noap,0.3717751920781812
58,nor,1.1787019947612325
58,oeu,0.5592409097149621
58,osea,0.7493429408658779
58,pol,0.4611645013626862
58,prt,0.6487375175028224
58,rcam,0.64161782575116
58,rcz,0.5315198847837564
58,rfa,0.8392891192769426
58,ris,0.3337645417675484
58,rjan57,0.9578590147768516
58,rom,0.39816672633711286
58,rsaf,0.39872076456067007
58,rsam,0.6394360254912552
58,rsas,0.3322472739588765
58,rsl,0.5819636024661538
58,rus,0.4134902850051763
58,slo,0.6424956692978083
58,sui,1.2061907703765136
58,swe,1.0354884905230555
58,tha,0.3784558563127214
58,tur,0.3793700830569337
58,ukr,0.22244530174037472
58,usa,1.0
58,vnm,0.3305905103580242
58,zaf,0.48274238286760734
6,arg,0.6192723186669625
6,aus,1.114377404027453
6,aut,0.8733505209459722
6,bel,0.8740548277031729
6,bgr,0.3896747522951155
6,blt,0.5358888577116262
6,bra,0.6835736479534811
6,can,0.9340245924373557
6,chl,0.6129295375795774
6,chn,0.6190168650861306
6,cor,0.7719442508593674
6,cro,0.5019240757870589
6,dnk,1.0407072347578705
6,egy,0.22191596419914877
6,esp,0.7108866726490095
6,fin,0.9732471376056738
6,fra,0.8678287559695201
6,gbr,0.8810794219478477
6,golf57,0.47811613127876906
6,grc,0.6480084191477684
6,hun,0.4956997036317266
6,idn,0.35092421940954294
6,irl,0.8952076951262309
6,ita,0.7774363364141855
6,jpn,0.9370198527493715
6,meme,0.9015092161659254
6,mex,0.4709561725622803
6,mys,0.38479837791585436
6,nde,0.3203448118942408
6,nld,0.8813976482310427
6,noan,0.3804037452099014
6,noap,0.3717751920781812
6,nor,1.1787019947612325
6,oeu,0.5592409097149621
6,osea,0.7493429408658779
6,pol,0.4611645013626862
6,prt,0.6487375175028224
6,rcam,0.64161782575116
6,rcz,0.5315198847837564
6,rfa,0.8392891192769426
6,ris,0.3337645417675484
6,rjan57,0.9578590147768516
6,rom,0.39816672633711286
6,rsaf,0.39872076456067007
6,rsam,0.6394360254912552
6,rsas,0.3322472739588765
6,rsl,0.5819636024661538
6,rus,0.4134902850051763
6,slo,0.6424956692978083
6,sui,1.2061907703765136
6,swe,1.0354884905230555
6,tha,0.3784558563127214
6,tur,0.3793700830569337
6,ukr,0.22244530174037472
6,usa,1.0
6,vnm,0.3305905103580242
6,zaf,0.48274238286760734
7,arg,0.6192723186669625
7,aus,1.114377404027453
7,aut,0.8733505209459722
7,bel,0.8740548277031729
7,bgr,0.3896747522951155
7,blt,0.5358888577116262
7,bra,0.6835736479534811
7,can,0.9340245924373557
7,chl,0.6129295375795774
7,chn,0.6190168650861306
7,cor,0.7719442508593674
7,cro,0.5019240757870589
7,dnk,1.0407072347578705
7,egy,0.22191596419914877
7,esp,0.7108866726490095
7,fin,0.9732471376056738
7,fra,0.8678287559695201
7,gbr,0.8810794219478477
7,golf57,0.47811613127876906
7,grc,0.6480084191477684
7,hun,0.4956997036317266
7,idn,0.35092421940954294
7,irl,0.8952076951262309
7,ita,0.7774363364141855
7,jpn,0.9370198527493715
7,meme,0.9015092161659254
7,mex,0.4709561725622803
7,mys,0.38479837791585436
7,nde,0.3203448118942408
7,nld,0.8813976482310427
7,noan,0.3804037452099014
7,noap,0.3717751920781812
7,nor,1.1787019947612325
7,oeu,0.5592409097149621
7,osea,0.7493429408658779
7,pol,0.4611645013626862
7,prt,0.6487375175028224
7,rcam,0.64161782575116
7,rcz,0.5315198847837564
7,rfa,0.8392891192769426
7,ris,0.3337645417675484
7,rjan57,0.9578590147768516
7,rom,0.39816672633711286
7,rsaf,0.39872076456067007
7,rsam,0.6394360254912552
7,rsas,0.3322472739588765
7,rsl,0.5819636024661538
7,rus,0.4134902850051763
7,slo,0.6424956692978083
7,sui,1.2061907703765136
7,swe,1.0354884905230555
7,tha,0.3784558563127214
7,tur,0.3793700830569337
7,ukr,0.22244530174037472
7,usa,1.0
7,vnm,0.3305905103580242
7,zaf,0.48274238286760734
8,arg,0.6192723186669625
8,aus,1.114377404027453
8,aut,0.8733505209459722
8,bel,0.8740548277031729
8,bgr,0.3896747522951155
8,blt,0.5358888577116262
8,bra,0.6835736479534811
8,can,0.9340245924373557
8,chl,0.6129295375795774
8,chn,0.6190168650861306
8,cor,0.7719442508593674
8,cro,0.5019240757870589
8,dnk,1.0407072347578705
8,egy,0.22191596419914877
8,esp,0.7108866726490095
8,fin,0.9732471376056738
8,fra,0.8678287559695201
8,gbr,0.8810794219478477
8,golf57,0.47811613127876906
8,grc,0.6480084191477684
8,hun,0.4956997036317266
8,idn,0.35092421940954294
8,irl,0.8952076951262309
8,ita,0.7774363364141855
8,jpn,0.9370198527493715
8,meme,0.9015092161659254
8,mex,0.4709561725622803
8,mys,0.38479837791585436
8,nde,0.3203448118942408
8,nld,0.8813976482310427
8,noan,0.3804037452099014
8,noap,0.3717751920781812
8,nor,1.1787019947612325
8,oeu,0.5592409097149621
8,osea,0.7493429408658779
8,pol,0.4611645013626862
8,prt,0.6487375175028224
8,rcam,0.64161782575116
8,rcz,0.5315198847837564
8,rfa,0.8392891192769426
8,ris,0.3337645417675484
8,rjan57,0.9578590147768516
8,rom,0.39816672633711286
8,rsaf,0.39872076456067007
8,rsam,0.6394360254912552
8,rsas,0.3322472739588765
8,rsl,0.5819636024661538
8,rus,0.4134902850051763
8,slo,0.6424956692978083
8,sui,1.2061907703765136
8,swe,1.0354884905230555
8,tha,0.3784558563127214
8,tur,0.3793700830569337
8,ukr,0.22244530174037472
8,usa,1.0
8,vnm,0.3305905103580242
8,zaf,0.48274238286760734
9,arg,0.6192723186669625
9,aus,1.114377404027453
9,aut,0.8733505209459722
9,bel,0.8740548277031729
9,bgr,0.3896747522951155
9,blt,0.5358888577116262
9,bra,0.6835736479534811
9,can,0.9340245924373557
9,chl,0.6129295375795774
9,chn,0.6190168650861306
9,cor,0.7719442508593674
9,cro,0.5019240757870589
9,dnk,1.0407072347578705
9,egy,0.22191596419914877
9,esp,0.7108866726490095
9,fin,0.9732471376056738
9,fra,0.8678287559695201
9,gbr,0.8810794219478477
9,golf57,0.47811613127876906
9,grc,0.6480084191477684
9,hun,0.4956997036317266
9,idn,0.35092421940954294
9,irl,0.8952076951262309
9,ita,0.7774363364141855
9,jpn,0.9370198527493715
9,meme,0.9015092161659254
9,mex,0.4709561725622803
9,mys,0.38479837791585436
9,nde,0.3203448118942408
9,nld,0.8813976482310427
9,noan,0.3804037452099014
9,noap,0.3717751920781812
9,nor,1.1787019947612325
9,oeu,0.5592409097149621
9,osea,0.7493429408658779
9,pol,0.4611645013626862
9,prt,0.6487375175028224
9,rcam,0.64161782575116
9,rcz,0.5315198847837564
9,rfa,0.8392891192769426
9,ris,0.3337645417675484
9,rjan57,0.9578590147768516
9,rom,0.39816672633711286
9,rsaf,0.39872076456067007
9,rsam,0.6394360254912552
9,rsas,0.3322472739588765
9,rsl,0.5819636024661538
9,rus,0.4134902850051763
9,slo,0.6424956692978083
9,sui,1.2061907703765136
9,swe,1.0354884905230555
9,tha,0.3784558563127214
9,tur,0.3793700830569337
9,ukr,0.22244530174037472
9,usa,1.0
9,vnm,0.3305905103580242
9,zaf,0.48274238286760734
